gpu_name,manufacturer,benchmark_score,graphics_api_score,vram_gb,release_year
RTX 3090 Ti,NVIDIA,29094,210406.0,,2022
RTX 3080 Ti,NVIDIA,26887,192190.0,,2021
RTX 3090,NVIDIA,26395,193968.0,,2020
RX 6900 XT,AMD,25458,136693.0,,2020
RTX 3080,NVIDIA,24853,171433.0,,2020
RTX 3070 Ti,NVIDIA,23367,139298.0,,2021
RX 6800 XT,AMD,23364,136290.0,,2020
RTX A5000,NVIDIA,22867,156140.0,,2021
RTX A6000,NVIDIA,22122,178059.0,,2021
RTX 3070,NVIDIA,22093,128259.0,,2020
RTX 2080 Ti,NVIDIA,21796,151444.0,,2018
RTX A4500,NVIDIA,21546,163533.0,,2022
RX 6800,AMD,20667,107762.0,,2020
RTX 3060 Ti,NVIDIA,20206,114665.0,,2020
TITAN RTX,NVIDIA,20169,138830.0,,2018
Quadro RTX 6000,NVIDIA,19692,132375.0,,2018
RTX 2080 SUPER,NVIDIA,19519,111542.0,,2019
TITAN Xp,NVIDIA,19508,70819.0,,2020
RTX 3080 Ti Laptop GPU,NVIDIA,19507,125090.0,,2022
Quadro RTX 8000,NVIDIA,19126,119838.0,,2019
RX 6700 XT,AMD,18993,86536.0,,2021
RTX A4000,NVIDIA,18988,108029.0,,2021
TITAN V,NVIDIA,18816,152587.0,,2017
PRO W6800,AMD,18802,97754.0,,2021
RTX 2080,NVIDIA,18732,104573.0,,2018
TITAN Xp COLLECTORS EDITION,NVIDIA,18721,55651.0,,2017
RTX 3070 Ti Laptop GPU,NVIDIA,18490,114243.0,,2022
GTX 1080 Ti,NVIDIA,18284,58302.0,11.0,2017
RTX 2070 SUPER,NVIDIA,18168,96013.0,,2019
Quadro GV100,NVIDIA,17675,162000.0,,2018
TITAN V CEO Edition,NVIDIA,16988,,,2018
RTX 3060,NVIDIA,16958,90158.0,,2021
RX 5700 XT,AMD,16892,65069.0,,2019
Pro VII,AMD,16853,85607.0,,2020
VII,AMD,16767,73980.0,,2019
RX 5700 XT 50th Anniversary,AMD,16650,62128.0,,2019
RTX 3080 Laptop GPU,NVIDIA,16522,118582.0,,2021
RTX 2060 SUPER,NVIDIA,16514,84667.0,,2019
RTX A4000 Laptop GPU,NVIDIA,16297,99503.0,,2021
RTX A5000 Laptop GPU,NVIDIA,16273,116565.0,,2021
Quadro RTX 5000,NVIDIA,16260,98502.0,,2019
Tesla V100 SXM2 16GB,NVIDIA,16235,173360.0,,2019
Quadro GP100,NVIDIA,16203,87744.0,,2017
RTX 2070,NVIDIA,16079,85119.0,,2018
RadeonT RX 6850M,AMD,15899,,,2022
RX 6600 XT,AMD,15853,73476.0,,2021
Quadro P6000,NVIDIA,15811,60579.0,,2016
Quadro RTX 4000,NVIDIA,15515,82076.0,,2019
GTX 1080,NVIDIA,15265,49137.0,8.0,2016
RTX 3070 Laptop GPU,NVIDIA,15231,106182.0,,2021
RTX 2080 (Mobile),NVIDIA,15107,,,2019
Pro W5700,AMD,15085,53289.0,,2020
Quadro RTX 5000 (Mobile),NVIDIA,14832,,,2019
Pro Vega II,AMD,14738,93811.0,,2020
RX 5700,AMD,14729,53510.0,,2019
RX Vega 64,AMD,14636,58456.0,,2017
Pro Vega 64X,AMD,14630,69634.0,,2021
GTX 1070 Ti,NVIDIA,14500,45948.0,,2017
RTX 2070 Super with Max Q Design,NVIDIA,14261,77930.0,,2020
PRO W6600,AMD,14212,68311.0,,2021
Pro WX 8200,AMD,14110,62892.0,,2018
RTX 2080 Super with Max Q Design,NVIDIA,14020,87469.0,,2020
RTX 2060,NVIDIA,13953,69873.0,,2019
Quadro RTX 5000 with Max Q Design,NVIDIA,13893,85977.0,,2019
RX 6600,AMD,13881,71228.0,,2021
GTX 980 Ti,NVIDIA,13864,37607.0,,2015
RX 5600 XT,AMD,13836,54177.0,,2020
Vega Frontier Edition,AMD,13748,63066.0,,2017
RTX A2000 12GB,NVIDIA,13688,81296.0,,2022
RTX 2080 with Max Q Design,NVIDIA,13681,85454.0,,2019
TITAN X,NVIDIA,13660,,,2016
RX Vega 56,AMD,13636,55009.0,,2017
Quadro RTX 4000 with Max Q Design,NVIDIA,13622,65173.0,,2019
GTX 1070,NVIDIA,13482,41308.0,8.0,2016
Tesla T10,NVIDIA,13264,,,2020
RTX A3000 Laptop GPU,NVIDIA,13263,82893.0,,2021
Pro WX 9100,AMD,13241,64132.0,,2017
GTX TITAN X,NVIDIA,13173,36204.0,,2015
RTX A2000,NVIDIA,13128,72918.0,,2021
Quadro RTX 4000 (Mobile),NVIDIA,13008,,,2019
Pro V520 MxGPU,AMD,12853,61506.0,,2020
GTX 1660 SUPER,NVIDIA,12732,60517.0,,2019
RTX 3050,NVIDIA,12718,66925.0,,2022
RTX 3060 Laptop GPU,NVIDIA,12674,87446.0,,2021
Pro 5700 XT,AMD,12537,52376.0,,2020
Pro Vega 64,AMD,12402,68457.0,,2018
Pro Vega 56,AMD,12386,63022.0,,2018
RTX 2070 (Mobile),NVIDIA,12354,,,2019
Quadro P5200 with Max Q Design,NVIDIA,12323,47911.0,,2018
Quadro M6000 24GB,NVIDIA,12264,33864.0,,2016
Quadro P5200,NVIDIA,12144,48032.0,,2018
RTX 2070 with Max Q Design,NVIDIA,12062,74680.0,,2019
RX 6700S,AMD,11989,72317.0,,2022
Quadro P5000,NVIDIA,11976,49229.0,,2016
Quadro P4200 with Max Q Design,NVIDIA,11869,40459.0,,2018
Pro 5700,AMD,11844,49976.0,,2020
GTX 1660 Ti,NVIDIA,11794,60430.0,,2019
GTX 1660,NVIDIA,11695,55748.0,,2019
Tesla M40 24GB,NVIDIA,11658,33410.0,,2021
GTX 1080 with Max Q Design,NVIDIA,11507,50722.0,,2017
Pro Vega 48,AMD,11504,54173.0,,2019
RX 6700M,AMD,11499,71903.0,,2021
Quadro P4000,NVIDIA,11422,40941.0,,2017
Quadro M6000,NVIDIA,11397,38339.0,,2015
RTX 2060 (Mobile),NVIDIA,11355,,,2019
GTX 980,NVIDIA,11237,29945.0,,2014
Quadro RTX 3000,NVIDIA,11122,61866.0,,2019
Tesla T4,NVIDIA,11113,67163.0,,2020
RX 5600,AMD,11030,43052.0,,2020
Pro SSG,AMD,10498,,,2018
Instinct MI25 MxGPU,AMD,10466,18731.0,,2020
GTX 1070 (Mobile),NVIDIA,10465,,,2019
Pro 5600M,AMD,10200,41841.0,,2020
GTX 1660 Ti (Mobile),NVIDIA,10176,,,2019
RTX A2000 Laptop GPU,NVIDIA,10148,55227.0,,2021
Tesla M40,NVIDIA,10117,38024.0,,2021
R9 Fury X,AMD,10088,,,2020
GTX 1060,NVIDIA,10070,27131.0,6.0,2016
GTX 1650 SUPER,NVIDIA,10032,53390.0,,2019
GTX 1070 with Max Q Design,NVIDIA,10030,39756.0,,2017
RTX A3000 12GB Laptop GPU,NVIDIA,9975,,,2022
Quadro P4200,NVIDIA,9827,37922.0,,2018
RTX 2060 with Max Q Design,NVIDIA,9743,60347.0,,2020
R9 Fury + Fury X,AMD,9741,,,2015
GTX 1060 3GB,NVIDIA,9728,28336.0,3.0,2016
GTX 970,NVIDIA,9688,25691.0,,2014
RX 590,AMD,9665,49946.0,,2018
R9 Fury,AMD,9551,60301.0,,2015
R9 390X,AMD,9503,,8.0,2016
Quadro P2200,NVIDIA,9486,32281.0,,2019
Ryzen 9 4900HSS,AMD,9461,,,2021
RTX 3050 Ti Laptop GPU,NVIDIA,9452,60428.0,,2021
RX 6500 XT,AMD,9445,46252.0,,2022
GTX 780 Ti,NVIDIA,9312,21560.0,3.0,2013
Pro W5500,AMD,9269,36343.0,,2020
Quadro M5000,NVIDIA,9262,28723.0,,2015
Quadro P3200 with Max Q Design,NVIDIA,9242,31434.0,,2018
GTX TITAN Z,NVIDIA,9189,21053.0,,2014
RX 5500 XT,AMD,9188,38803.0,,2019
GTX TITAN Black,NVIDIA,9140,20240.0,,2014
RX 6600M,AMD,9094,55682.0,,2021
Quadro P4000 with Max Q Design,NVIDIA,9083,,,2017
RTX 3050 Laptop GPU,NVIDIA,9037,53639.0,,2021
RX 6800M,AMD,9012,74528.0,,2021
R9 390,AMD,9008,47961.0,8.0,2016
RX 580,AMD,8907,45400.0,,2017
Ryzen 7 4800HS,AMD,8842,,,2021
RX 5500,AMD,8817,37402.0,,2019
R9 290X,AMD,8794,46018.0,4.0,2020
Quadro RTX 3000 with Max Q Design,NVIDIA,8754,59905.0,,2019
GTX 1060 5GB,NVIDIA,8704,33511.0,,2018
RX 480,AMD,8674,45295.0,,2016
Quadro P3200,NVIDIA,8663,31309.0,,2018
GTX 1660 Ti with Max Q Design,NVIDIA,8646,54832.0,,2019
RX590 GME,AMD,8628,,,2020
R9 295X2,AMD,8619,,8.0,2014
Ryzen 9 4900HS,AMD,8572,,,2021
GTX Titan,NVIDIA,8556,,6.0,2013
Ryzen 9 5900HS,AMD,8428,,,2021
R9 290,AMD,8409,,4.0,2020
R9 290X / 390X,AMD,8389,,,2013
Pro Duo,AMD,8324,55841.0,,2016
Pro 5500 XT,AMD,8298,36736.0,,2020
15FF,Unknown,8229,,,2020
GTX 1060 (Mobile),NVIDIA,8161,,,2019
R9 290 / 390,AMD,8150,,,2013
Quadro K6000,NVIDIA,8108,17232.0,12.0,2013
RX 470/570,AMD,8070,,,2016
GTX 780,NVIDIA,8022,17698.0,3.0,2013
RTX 2050,NVIDIA,8007,45986.0,,2022
Ryzen 5 4600HS,AMD,7942,,,2021
Quadro M5500,NVIDIA,7915,,,2016
GTX 1060 with Max Q Design,NVIDIA,7907,30110.0,,2017
T1200 Laptop GPU,Unknown,7884,41258.0,,2021
T1000,Unknown,7829,36253.0,,2021
Pro WX 7100,AMD,7822,37123.0,,2016
GTX 1650,NVIDIA,7807,38160.0,,2019
RX 580X,AMD,7798,41822.0,,2019
Tesla M60,NVIDIA,7771,28425.0,,2017
RX 580 2048SP,AMD,7768,39203.0,,2019
T1000 8GB,Unknown,7760,38230.0,,2022
Pro 580,AMD,7753,45401.0,,2018
FirePro W9100,AMD,7719,43046.0,16.0,2014
RX 5300,AMD,7611,39363.0,,2021
Pro 580X,AMD,7540,40277.0,,2019
Pro 5300,AMD,7522,33776.0,,2020
Tesla M6,NVIDIA,7509,,,2018
GTX 1650 Ti,NVIDIA,7490,43651.0,,2020
Ryzen 7 5800HS with Radeon,AMD,7391,,,2021
FirePro W8100,AMD,7327,34705.0,,2014
RadeonT RX 5300,AMD,7321,,,2021
GTX 980M,NVIDIA,7317,23799.0,,2014
Tesla P100 PCIE 16GB,NVIDIA,7225,74400.0,,2019
Quadro T2000,NVIDIA,7169,38419.0,,2019
RX 5600M,AMD,7157,45916.0,,2020
Quadro P2000,NVIDIA,7096,22896.0,,2017
Ryzen 7 4800HS with Radeon,AMD,6999,,,2020
GTX 1650 (Mobile),NVIDIA,6969,,,2019
RX 6400,AMD,6958,,,2022
Quadro T2000 with Max Q Design,NVIDIA,6871,38798.0,,2020
Quadro M5000M,NVIDIA,6807,21979.0,,2016
Pro 5500M,AMD,6763,30531.0,,2019
RX Vega M GH,AMD,6734,30311.0,,2018
T600 Laptop GPU,Unknown,6725,35318.0,,2021
GTX 970XM FORCE,NVIDIA,6707,,,2018
R9 285,AMD,6680,,,2021
Quadro M4000,NVIDIA,6644,18663.0,8.0,2015
Quadro T1000 with Max Q Design,NVIDIA,6589,31583.0,,2020
Quadro P3000,NVIDIA,6572,24325.0,,2017
Quadro M4000M,NVIDIA,6530,21785.0,,2015
Quadro T1000,NVIDIA,6513,32285.0,,2019
T600,Unknown,6509,26973.0,,2021
GTX 1650 Ti with Max Q Design,NVIDIA,6342,39533.0,,2020
Pro 570,AMD,6337,31996.0,,2019
GTX 1050 Ti,NVIDIA,6314,17968.0,,2016
R9 280X,AMD,6284,,3.0,2016
FirePro S7150,AMD,6276,31599.0,,2016
R9 380,AMD,6275,31820.0,2.0,2016
R9 380X,AMD,6189,,4.0,2015
FirePro W9000,AMD,6138,31775.0,6.0,2012
Pro WX Vega M GL,AMD,6049,17282.0,,2019
GTX 960,NVIDIA,6042,17502.0,,2015
P106 100,Unknown,5967,35062.0,,2019
GTX 1050 Ti (Mobile),NVIDIA,5919,,,2019
PRO W6400,AMD,5916,,,2022
GTX 770,NVIDIA,5892,14295.0,2.0,2013
GTX 1650 with Max Q Design,NVIDIA,5884,35710.0,,2019
Pro 5300M,AMD,5840,24901.0,,2019
A16,Unknown,5797,,,2022
Quadro K5200,NVIDIA,5780,14087.0,8.0,2014
GTX 970M,NVIDIA,5761,20017.0,,2014
Pro WX 7130,AMD,5722,41335.0,,2020
Quadro M3000M,NVIDIA,5678,16849.0,,2015
Tesla K20m,NVIDIA,5675,16155.0,,2022
R9 280,AMD,5668,36308.0,3.0,2016
GTX 690,NVIDIA,5654,12715.0,4.0,2012
A40 12Q,Unknown,5573,125986.0,,2022
HD 7990,AMD,5566,,6.0,2013
R9 285 / 380,AMD,5550,,,2015
GTX 680,NVIDIA,5535,13584.0,2.0,2012
Pro WX 5100,AMD,5511,28354.0,,2016
Tesla K20Xm,NVIDIA,5428,11752.0,,2022
GTX 760 Ti OEM,NVIDIA,5427,14380.0,,2019
GTX 950,NVIDIA,5392,14937.0,,2015
GTX 1050 Ti with Max Q Design,NVIDIA,5372,19528.0,,2018
FirePro S10000,AMD,5315,32388.0,6.0,2015
GTX 670,NVIDIA,5304,12132.0,2.0,2012
HD 7970 / R9 280X,AMD,5248,,,2012
HD 8990,AMD,5214,,,2013
GTX 760 Ti,NVIDIA,5206,,,2014
Ryzen 7 4800H,AMD,5178,,,2021
FirePro W7100,AMD,5175,25880.0,,2015
Q12U 1,Unknown,5164,,,2016
R9 M295X,AMD,5150,28822.0,,2014
Pro Vega 20,AMD,5117,26681.0,,2018
GTX 1050,NVIDIA,5090,15389.0,2.0,2016
MX550,NVIDIA,5090,36084.0,,2022
FirePro S9000,AMD,5059,,6.0,2015
Ryzen 9 5900HS with Radeon,AMD,5049,,,2021
T550 Laptop GPU,Unknown,5000,,,2022
R9 M395,AMD,4991,25145.0,,2015
EIZO Quadro MED XN51LP,NVIDIA,4955,,,2018
Barco MXRT 7600,Unknown,4944,,,2018
R9 270X,AMD,4923,28112.0,2.0,2013
FirePro S9050,AMD,4901,,12.0,2020
GRID RTX6000P 6Q,NVIDIA,4777,26590.0,,2021
GTX 760,NVIDIA,4775,10704.0,2.0,2013
R9 M395X,AMD,4775,29766.0,,2015
HD 7950 / R9 280,AMD,4765,,,2012
Sky 500,AMD,4736,,4.0,2019
R9 370,AMD,4722,25545.0,,2016
Pro Vega 16,AMD,4683,21811.0,,2019
HD 7870,AMD,4661,,2.0,2012
Quadro P2000 with Max Q Design,NVIDIA,4597,18802.0,,2018
B8DKMDAP,Unknown,4557,,,2018
GTX 580,NVIDIA,4538,14740.0,1.5,2012
Pro 465,AMD,4538,,,2019
R7 370,AMD,4479,23976.0,2.0,2016
HD 7870 XT,AMD,4470,,2.0,2013
Quadro P1000,NVIDIA,4466,14754.0,,2017
GTX 1050 (Mobile),NVIDIA,4462,,,2019
P104 100,Unknown,4450,44280.0,,2020
Citrix Indirect Display Adapter,Unknown,4447,,,2018
GTX 660 Ti,NVIDIA,4367,11792.0,2.0,2012
Quadro M2200,NVIDIA,4342,14943.0,,2017
FirePro W7000 Adapter,AMD,4340,,,2013
GRID GTX P40 6,NVIDIA,4340,,,2020
Quadro K4200,NVIDIA,4337,9517.0,4.0,2014
Barco MXRT 7500,Unknown,4319,,,2015
R9 270,AMD,4306,22331.0,2.0,2018
GRID RTX6000P 4Q,NVIDIA,4283,,,2020
FirePro W7000,AMD,4276,21082.0,4.0,2012
GTX 680MX,NVIDIA,4271,6981.0,2.0,2013
R9 270 / R7 370,AMD,4260,,,2013
GTX 775M,NVIDIA,4208,4804.0,,2013
FirePro S7000,AMD,4166,,4.0,2014
GRID V100D 8Q,Unknown,4156,,,2019
FirePro W8000,AMD,4138,,4.0,2013
RX 460,AMD,4114,19421.0,,2016
GTX 480,NVIDIA,4110,12241.0,1.5,2012
HD 7800 serie,AMD,4029,,,2014
RX 5500M,AMD,4010,35508.0,,2020
GTX 660,NVIDIA,4004,9026.0,2.0,2012
GRID RTX8000 4Q,NVIDIA,3961,,,2020
Quadro M2000,NVIDIA,3942,14473.0,,2016
GTX 750 Ti,NVIDIA,3919,10754.0,2.0,2014
GTX 570,NVIDIA,3902,12316.0,1.25,2012
Quadro K5000,NVIDIA,3901,7834.0,4.0,2012
T400 4GB,Unknown,3887,16406.0,,2022
Quadro K2200M,NVIDIA,3877,10787.0,,2015
GTX 880M,NVIDIA,3876,10952.0,,2014
HD 8970M,AMD,3876,,2.0,2014
GRID RTX8000P 2Q,NVIDIA,3843,,,2020
HD 7850,AMD,3826,,2.0,2012
GTX 965M,NVIDIA,3824,15613.0,,2015
GTX 1050 with Max Q Design,NVIDIA,3785,16312.0,,2018
HD 7970M,AMD,3774,22410.0,2.0,2012
Pro WX 4100,AMD,3766,19881.0,,2017
GTX 780M,NVIDIA,3755,7880.0,4.0,2013
MX450,NVIDIA,3743,28449.0,,2020
Pro 560X,AMD,3678,18735.0,,2018
Quadro P620,NVIDIA,3640,12042.0,,2018
T400,Unknown,3627,16633.0,,2021
T500,Unknown,3597,28607.0,,2021
RX 560,AMD,3594,20090.0,,2017
GRID RTX8000 2Q,NVIDIA,3574,,,2021
GTX 680M KY Bullet Edition,NVIDIA,3569,,,2017
RX 5300M,AMD,3562,27246.0,,2020
Quadro K2200,NVIDIA,3541,11602.0,4.0,2014
Quadro M2000M,NVIDIA,3539,10635.0,,2015
Tesla C2050,NVIDIA,3515,,3.0,2010
Quadro 7000,NVIDIA,3505,,,2011
Tesla M10,NVIDIA,3490,12054.0,,2019
Pro 560,AMD,3475,16506.0,,2017
Pro 460,AMD,3453,16572.0,,2017
Tesla C2050 / C2070,NVIDIA,3428,,,2013
GTX 960M,NVIDIA,3419,11552.0,,2015
R9 M470X,AMD,3400,,,2016
GTX 750,NVIDIA,3399,8861.0,1.0,2014
GRID K520,Unknown,3399,10864.0,,2013
GTX 870M,NVIDIA,3380,9406.0,,2014
R9 M290X,AMD,3375,24060.0,4.0,2014
HD8970M,AMD,3369,24919.0,,2014
E8870PCIe,AMD,3368,,,2017
Quadro M1200,NVIDIA,3342,10142.0,,2017
GTX 650 Ti BOOST,NVIDIA,3330,8482.0,,2013
Quadro P600,NVIDIA,3324,10716.0,,2017
RX Vega M GL,AMD,3315,21344.0,,2018
GTX 590,NVIDIA,3307,11950.0,3.0,2011
Quadro K5100M,NVIDIA,3266,6450.0,8.0,2014
770M,NVIDIA,3246,,,2016
R9 M485X,AMD,3204,,,2017
RX 560X,AMD,3181,20394.0,,2018
RadeonT RX 5500M,AMD,3166,,,2019
FirePro V7000,AMD,3162,,,2013
FirePro W7170M,AMD,3162,,,2016
GTX 470,NVIDIA,3147,10408.0,1.25,2012
R7 260X,AMD,3147,,2.0,2013
Pro 555,AMD,3141,14108.0,,2017
Ryzen 9 5900HX,AMD,3126,,,2021
Tesla C2075,NVIDIA,3118,9885.0,6.0,2012
Pro 455,AMD,3113,12489.0,,2018
Tesla C2070,NVIDIA,3101,9716.0,6.0,2011
G35 Express,Intel,3090,,,2010
HD 7790,AMD,3090,,1.0,2013
GTX 680M,NVIDIA,3077,6600.0,4.0,2012
FirePro W5000,AMD,3056,14671.0,2.0,2012
GTX 560 Ti,NVIDIA,3056,9263.0,1.0,2012
GTX 860M,NVIDIA,3045,9555.0,,2014
EIZO MED X5000,Unknown,3038,,,2022
R7 360,AMD,3034,17786.0,2.0,2015
R9 360,AMD,3032,14815.0,,2015
R9 M390X,AMD,3021,22044.0,,2016
R9 260,AMD,3018,,,2016
HD 6990,AMD,3013,,4.0,2011
Quadro M1000M,NVIDIA,2987,8402.0,,2015
Ryzen 9 5900HX with Radeon,AMD,2968,,,2021
FirePro W5100,AMD,2957,15004.0,,2014
GRID K260Q,Unknown,2949,,,2015
R9 M380,AMD,2931,16667.0,,2015
R7 260,AMD,2892,,2.0,2014
Ryzen 7 PRO 4700G with Radeon,AMD,2880,,,2020
Quadro K1200,NVIDIA,2874,8934.0,,2015
FirePro W4300,AMD,2863,,,2016
HD 6970,AMD,2863,,2.0,2012
MX350,NVIDIA,2855,13442.0,,2020
Pro V340 MxGPU,AMD,2853,,,2018
Quadro M620,NVIDIA,2845,8425.0,,2017
GRID K280Q,Unknown,2840,,,2015
Ryzen 7 5800H with Radeon,AMD,2833,,,2021
Custom GPU 0405,Unknown,2832,,,2022
FirePro 3D V9800,AMD,2812,,,2011
GTX 770M,NVIDIA,2786,5768.0,3.0,2013
Iris Xe,Intel,2782,,,2020
Ryzen 7 5700G,AMD,2782,,,2021
Ryzen 7 PRO 5750GE,AMD,2771,,,2021
Ryzen 7 5800H,AMD,2759,,,2021
Quadro K4100M,NVIDIA,2756,6002.0,,2013
Ryzen 9 5900H,AMD,2755,,,2022
Quadro K5000M,NVIDIA,2754,5107.0,4.0,2012
Ryzen 5 4600H,AMD,2747,,,2021
GRID K2,Unknown,2737,6922.0,,2013
FirePro V9800,AMD,2727,,4.0,2016
Pro 450,AMD,2723,10708.0,,2017
RX 550,AMD,2718,16230.0,,2017
Ryzen 9 4900H with Radeon,AMD,2714,,,2020
GTX 560,NVIDIA,2711,8094.0,1.0,2012
Ryzen 7 5700G with Radeon,AMD,2709,,,2021
Barco MXRT 5500,Unknown,2702,,,2018
Quadro K4000,NVIDIA,2700,5526.0,,2012
Ryzen 5 5600H,AMD,2696,,,2021
Quadro 6000,NVIDIA,2689,8990.0,6.0,2010
Ryzen 9 4900H,AMD,2685,,,2021
Ryzen 7 Pro 4750G with Radeon,AMD,2682,,,2020
GTX 465,NVIDIA,2681,8081.0,1.0,2012
Ryzen 7 5700GE with Radeon,AMD,2675,,,2021
FirePro M6100 FireGL V,AMD,2656,,,2017
HD 6950,AMD,2650,5252.0,2.0,2012
FirePro R5000,AMD,2647,,,2016
MONSTER GeForce GTX 675M,NVIDIA,2637,,,2013
Pro WX 3100,AMD,2627,12386.0,,2017
Pro,AMD,2615,,,2021
Ryzen 7 PRO 5750GE with Radeon,AMD,2613,,,2021
UHD 770,Intel,2611,,,2021
Ryzen 7 PRO 4750G,AMD,2604,,,2021
GTX 950M,NVIDIA,2602,9672.0,,2015
Ryzen 5 5600GE with Radeon,AMD,2602,,,2021
Ryzen 5 5600G with Radeon,AMD,2595,,,2021
Ryzen 7 PRO 5750G with Radeon,AMD,2591,,,2021
Ryzen 7 4700G,AMD,2580,,,2021
GTX 850M,NVIDIA,2574,9648.0,,2014
Ryzen 7 PRO 4750GE with Radeon,AMD,2550,,,2020
MX330,NVIDIA,2547,10134.0,,2020
GT 1030,NVIDIA,2545,10407.0,2.0,2017
Ryzen 5 5600G,AMD,2545,,,2021
GRID K240Q,Unknown,2541,,,2014
UHD P630,Intel,2541,,,2018
HD 6850 X2,AMD,2534,3977.0,,2017
Ryzen 9 5980HS with Radeon,AMD,2534,,,2021
FireStream 9370,Unknown,2528,,4.0,2012
GTX 650 Ti,NVIDIA,2527,6484.0,1.0,2012
N18E Q1,Unknown,2525,,,2018
MX250,NVIDIA,2515,9957.0,,2019
Ryzen 5 PRO 5650G with Radeon,AMD,2513,,,2021
Ryzen 7 4700GE,AMD,2508,,,2021
Ryzen 5 PRO 5650GE with Radeon,AMD,2506,,,2021
Ryzen 7 4700GE with Radeon,AMD,2496,,,2020
GTX 950A,NVIDIA,2483,10489.0,,2015
Ryzen 7 5800U with Radeon,AMD,2467,,,2021
Pro WX 3200,AMD,2456,16075.0,,2019
Ryzen 7 PRO 5850U with Radeon,AMD,2440,,,2021
FirePro 3D V8800,AMD,2438,,,2010
Ryzen 5 PRO 4650G,AMD,2418,,,2021
GTX 960A,NVIDIA,2411,,,2015
P106 090,Unknown,2402,20157.0,,2020
RX Vega 11 PRD,AMD,2402,,,2019
Ryzen 3 4300GE with Radeon,AMD,2402,,,2020
Ryzen 5 Pro 4650G with Radeon,AMD,2395,,,2020
Ryzen 5 5600H with Radeon,AMD,2387,,,2021
Ryzen 3 5300GE with Radeon,AMD,2386,,,2021
GTX 580M,NVIDIA,2373,5837.0,2.0,2011
RX 550X,AMD,2370,12726.0,,2019
Ryzen 5 PRO 5650GE,AMD,2363,,,2021
GTX 485M,NVIDIA,2360,,2.0,2011
Ryzen 7 4800U with Radeon,AMD,2344,,,2020
Ryzen 3 PRO 5350G with Radeon,AMD,2341,,,2021
Ryzen 3 PRO 5350GE with Radeon,AMD,2341,,,2021
GTX 675MX,NVIDIA,2338,5280.0,2.0,2013
Ryzen 7 PRO 5850U,AMD,2333,,,2021
Ryzen 7 5800U,AMD,2321,,,2021
FirePro V7900,AMD,2310,,2.0,2011
MX150,NVIDIA,2310,10042.0,,2017
Ryzen 3 4300GE,AMD,2306,,,2021
Ryzen 5 PRO 4400G with Radeon,AMD,2306,,,2020
Ryzen 7 Microsoft Surface Edition,AMD,2298,,,2021
GTX 460,NVIDIA,2289,6630.0,1.0,2012
Ryzen 7 5700U with Radeon,AMD,2289,,,2021
R9 M470,AMD,2288,,,2016
Ryzen 7 4800U,AMD,2273,,,2021
Pro Ryzen 7 PRO 5850U,AMD,2271,,,2021
HD 6970M,AMD,2270,3349.0,2.0,2011
R7 250X,AMD,2269,13420.0,2.0,2015
HD 8950,AMD,2267,17996.0,,2014
HD 5870,AMD,2266,1531.0,,2012
Quadro K3100M,NVIDIA,2263,3830.0,4.0,2013
HD 5970,AMD,2249,,,2012
Quadro K620,NVIDIA,2246,6696.0,1.0,2014
FirePro V8800,AMD,2223,,,2020
HD 6870,AMD,2223,4950.0,1.0,2012
Ryzen 3 5300G with Radeon,AMD,2223,,,2021
Ryzen 5 PRO 5650G,AMD,2212,,,2021
HD 7770,AMD,2204,13536.0,,2012
Ryzen 7 PRO 4750GE,AMD,2200,,,2021
Ryzen 3 Pro 4350G with Radeon,AMD,2190,,,2020
Ryzen 7 4700G with Radeon,AMD,2187,,,2020
Ryzen 5 4600G,AMD,2186,,,2021
RadeonT R7 450,AMD,2185,,,2017
Ryzen 5 PRO 5650U with Radeon,AMD,2184,,,2021
Ryzen 3 PRO 4350GE with Radeon,AMD,2181,,,2020
GTX 745,NVIDIA,2175,5402.0,,2014
Iris Pro P580,Intel,2169,,,2016
Ryzen 3 PRO 4350G,AMD,2162,,,2021
Ryzen 5 5600U with Radeon,AMD,2160,,,2021
Ryzen 7 Extreme Edition,Unknown,2158,,,2020
Ryzen 7 PRO 5750G,AMD,2154,,,2021
Ryzen Embedded V2718,AMD,2149,,,2021
Ryzen 5 PRO 5650U,AMD,2138,,,2021
Ryzen 7 4850U Mobile,AMD,2138,,,2022
RX Vega 11,AMD,2137,14540.0,,2018
Quadro P520,NVIDIA,2126,8283.0,,2019
Ryzen 7 4800H with Radeon,AMD,2113,,,2020
TM R9 A360,AMD,2105,,,2016
FirePro M5100,AMD,2103,9998.0,2.0,2014
Ryzen 5 Microsoft Surface Edition,AMD,2093,,,2021
GTX 560 SE,NVIDIA,2087,6235.0,,2012
Ryzen 5 4600G with Radeon,AMD,2062,,,2020
Quadro 5000M,NVIDIA,2060,,2.0,2010
GTX 480M,NVIDIA,2051,,2.0,2010
Ryzen 7 4700U,AMD,2044,,,2021
Ryzen 5 PRO 4650GE,AMD,2038,,,2021
FirePro V7800,AMD,2034,4894.0,2.0,2018
Ryzen 7 4700U with Radeon,AMD,2033,,,2020
Ryzen 7 PRO 4750U with Radeon,AMD,2028,,,2020
Ryzen 7 PRO 4750U,AMD,2024,,,2021
R9 M385,AMD,2018,,,2020
Ryzen 5 5600U,AMD,2015,,,2021
Pro W5500M,AMD,2010,,,2020
Quadro M600M,NVIDIA,2008,5969.0,,2015
Ryzen 5 PRO 4500U with Radeon,AMD,2008,,,2020
R9 350,AMD,2007,10504.0,,2016
GT 645,NVIDIA,2006,,,2012
GTX 460 v2,NVIDIA,2005,7872.0,1.0,2011
Ryzen 5 5500U with Radeon,AMD,2001,,,2021
Iris Pro 580,Intel,1993,,,2016
Quadro 5000,NVIDIA,1982,6232.0,2.5,2010
R7 + R7 350 Dual,AMD,1982,,,2016
Quadro M520,NVIDIA,1981,7031.0,,2017
HD 6850,AMD,1979,,1.0,2012
Ryzen 5 PRO 4650GE with Radeon,AMD,1977,,,2020
GTX 460 SE,NVIDIA,1974,5358.0,1.0,2012
Iris Xe MAX,Intel,1973,,,2022
GTX 765M,NVIDIA,1972,5179.0,2.0,2013
HD 5850,AMD,1966,,,2012
R7 450,AMD,1966,10240.0,,2016
R9 M275X,AMD,1963,11041.0,2.0,2021
R7 + HD 7700 Dual,AMD,1962,,,2014
UHD ReleaseInternal,Intel,1959,,,2022
550,AMD,1959,11886.0,,2022
HD 7660D + HD 7700 Dual,AMD,1958,,,2015
GTX 470M,NVIDIA,1953,,1.5,2010
Ryzen 5 4600U with Radeon,AMD,1951,,,2020
Quadro K4000M,NVIDIA,1949,4706.0,4.0,2012
FirePro M6100,AMD,1945,16282.0,2.0,2013
945M,NVIDIA,1945,8099.0,,2015
Ryzen 5 4600H with Radeon,AMD,1939,,,2020
Pro WX 4150,AMD,1935,14094.0,,2017
GTX 675M,NVIDIA,1934,5752.0,2.0,2012
R9 M385X,AMD,1929,,,2019
RX 570X,AMD,1923,38939.0,,2020
HD 7560D + 7700 Dual,AMD,1919,,,2014
GTX 570M,NVIDIA,1910,,1.5,2011
GTX 670MX,NVIDIA,1906,5674.0,3.0,2012
Matrox C680 PCIe x16,Unknown,1904,,,2014
Ryzen 3 4300G with Radeon,AMD,1903,,,2020
HD 7700 serie,AMD,1899,,,2012
MX130,NVIDIA,1895,6957.0,,2018
HD 8670D + HD 7700 Dual,AMD,1892,,,2017
Quadro 5010M,NVIDIA,1891,,4.0,2011
MX230,NVIDIA,1884,7059.0,,2019
Pro WX 4130,AMD,1881,7588.0,,2017
FirePro 3D V7800,AMD,1867,,,2010
GTX 645,NVIDIA,1858,3854.0,,2013
945A,NVIDIA,1852,,,2019
Iris Plus,Intel,1850,8271.0,,2019
Vega 11,AMD,1847,12389.0,,2019
R9 M375X,AMD,1843,9759.0,,2016
FirePro M5100 FireGL V,AMD,1839,,,2015
HD 8570D + HD 7700 Dual,AMD,1835,,,2014
MxGPU,Unknown,1826,11673.0,,2017
FirePro M6000,AMD,1820,9420.0,,2012
Ryzen 5 4500U with Radeon,AMD,1813,,,2020
Matrox C900 PCIe x16,Unknown,1812,,,2016
RadeonT RX 560X,AMD,1810,,,2019
GTX 555,NVIDIA,1807,,,2012
RadeonT 540X,AMD,1804,,,2020
Ryzen 5 4600U,AMD,1802,,,2021
HD 8870M / R9 M270X / M370X,AMD,1800,,,2014
RX Vega 11 Processor,AMD,1800,12716.0,,2021
Ryzen 5 4500U,AMD,1800,,,2021
Ryzen 3 PRO 4200G with Radeon,AMD,1799,,,2021
Embedded Radeon E9173,AMD,1798,,,2018
Iris 650,Intel,1795,,,2017
RX 540,AMD,1793,10620.0,,2017
HD 8670D + 7700 Dual,AMD,1789,,,2013
Ryzen 3 PRO 4200GE with Radeon,AMD,1784,,,2020
GTX 670M,NVIDIA,1775,5785.0,1.5,2012
UHD 750,Intel,1775,,,2021
Iris Plus 655,Intel,1772,,,2018
GTX 650,NVIDIA,1769,3730.0,,2012
Pro WX 2100,AMD,1755,11050.0,,2017
R9 M360,AMD,1753,10147.0,,2016
FirePro W600,AMD,1752,,,2013
UHD P750,Intel,1744,,,2021
Iris Plus 645,Intel,1742,,,2019
HD 5830,AMD,1735,,1.0,2012
Ryzen 3 5400U with Radeon,AMD,1734,,,2021
RX Vega11,AMD,1717,11576.0,,2019
Ryzen 3 PRO 4200GE,AMD,1712,,,2021
HD 6900M,AMD,1710,3259.0,,2012
FirePro M6000 Mobility Pro,AMD,1709,,,2013
Ryzen 5 PRO 4650U,AMD,1699,,,2021
HD 7750,AMD,1696,,,2012
Ryzen 5 PRO 4650U with Radeon,AMD,1696,,,2020
RX Vega 10,AMD,1694,9811.0,,2019
GTX 760M,NVIDIA,1691,4903.0,2.0,2013
Qualcomm Adreno 8cx Gen 3,Qualcomm,1670,,,2022
R7 M380,AMD,1669,,,2017
Vega 9,AMD,1669,9624.0,,2019
Iris Pro P6300,Intel,1654,,,2016
HD HD7850M,AMD,1652,,,2015
HD 8870M,AMD,1638,9065.0,2.0,2014
Quadro K3000M,NVIDIA,1626,2712.0,2.0,2012
E8860,AMD,1626,,,2015
Ryzen 3 5300U with Radeon,AMD,1626,,,2021
R7 M465X,AMD,1624,,,2018
Ryzen 7 2700U with Radeon Vega,AMD,1617,,,2018
Quadro K2000D,NVIDIA,1614,3602.0,,2013
Quadro P400,NVIDIA,1614,5631.0,,2017
HD 6790,AMD,1613,,1.0,2011
GT 755M,NVIDIA,1610,2944.0,2.0,2013
Seria Radeon HD 7700,AMD,1604,,,2015
FirePro M4000,AMD,1597,6494.0,2.0,2012
Ryzen 3 4300G,AMD,1596,,,2021
Vega 8,AMD,1593,8860.0,,2018
FirePro M4000 Mobility Pro,AMD,1591,,,2015
UHD,Intel,1582,5604.0,,2018
Iris Plus 650,Intel,1575,,,2017
R9 M275X / M375,AMD,1575,,,2014
Quadro K2000,NVIDIA,1567,3220.0,,2013
RadeonT RX 640,AMD,1565,,,2021
GTX 550 Ti,NVIDIA,1557,5305.0,1.0,2012
Vega 10,AMD,1557,9342.0,,2019
Ryzen 3 PRO 5450U with Radeon,AMD,1556,,,2021
Firepro W5170M,AMD,1555,,,2015
HD 7560D + HD 6670 Dual,AMD,1555,,,2014
UHD 730,Intel,1553,,,2021
RX Vega 8,AMD,1552,10995.0,,2018
GTX 285,NVIDIA,1550,,1.0,2009
HD 8470D + HD 7500 Dual,AMD,1545,,,2018
Ryzen 3 PRO 4300U with Radeon,AMD,1543,,,2020
FirePro W4100,AMD,1541,7214.0,,2014
FirePro V8700,AMD,1539,,1.0,2015
Ryzen 3 PRO 4450U with Radeon,AMD,1538,,,2020
RX 640,AMD,1537,15871.0,,2020
HD 4890,AMD,1533,,1.0,2012
GT 740,NVIDIA,1529,3915.0,2.0,2014
FirePro W6150M,AMD,1515,,,2021
Quadro P500,NVIDIA,1508,6262.0,,2018
HD 7870M,AMD,1507,,2.0,2012
Ryzen 3 PRO 4450U,AMD,1505,,,2021
940MX,NVIDIA,1503,6256.0,,2016
Ryzen 5 2500U with Radeon Vega,AMD,1503,,,2018
HD 6670 + 7660D Dual,AMD,1492,,,2015
Quadro 4000,NVIDIA,1489,4183.0,2.0,2010
HD 7660D + HD 6670 Dual,AMD,1485,,,2014
R9 255,AMD,1485,,,2014
R9 M365X,AMD,1482,,,2017
MX110,NVIDIA,1469,4460.0,,2017
Vega 10 Mobile,AMD,1465,9499.0,,2017
Ryzen 3 PRO 4350GE,AMD,1464,,,2021
Ryzen 5 PRO 4400GE with Radeon,AMD,1442,,,2020
Vega 8 Mobile,AMD,1438,7458.0,,2017
HD 8470D + HD 6670 Dual,AMD,1436,,,2017
845M,NVIDIA,1430,6112.0,,2015
550X,AMD,1430,10870.0,,2019
Iris Pro Graphics 6200,Intel,1429,5797.0,,2015
HD 7560D + 7670 Dual,AMD,1426,,,2012
R7 M370,AMD,1418,6628.0,,2016
GTX 660M,NVIDIA,1414,3039.0,2.0,2012
Ryzen 5 4600GE,AMD,1412,,,2022
Pro WX 4170,AMD,1409,20842.0,,2019
Ryzen 3 PRO 5350G,AMD,1408,,,2022
Ryzen 3 5300G,AMD,1406,,,2021
GTX 275,NVIDIA,1401,,0.88,2012
540X,AMD,1398,8600.0,,2019
HD 4870,AMD,1391,,0.5,2012
HD 7560D + HD 7670 Dual,AMD,1380,,,2014
R7 PRO A12 8870,AMD,1376,,,2017
R9 M370X,AMD,1374,11091.0,,2015
HD 7850M,AMD,1373,,2.0,2012
FirePro M40003,AMD,1364,,,2012
HD 8670D + 6670 Dual,AMD,1361,,2.0,2013
HD 5770,AMD,1351,1000.0,,2012
Quadro K2100M,NVIDIA,1348,3051.0,,2013
Ryzen 3 4300U with Radeon,AMD,1348,,,2020
HD 7560D + HD 7700 Dual,AMD,1347,,,2015
Iris 550,Intel,1344,,,2016
FirePro W5130M,AMD,1341,8058.0,,2016
FireStream 9270,Unknown,1341,,2.0,2014
Iris Plus 640,Intel,1333,,,2017
GTS 450,NVIDIA,1321,4501.0,1.0,2012
HD 8670D + HD 7600 Dual,AMD,1318,,,2017
FirePro M5950,AMD,1314,1505.0,1.0,2011
GT 750M,NVIDIA,1313,2748.0,2.0,2013
R7 PRO A8 8670E,AMD,1310,,,2017
Ryzen 3 4300U,AMD,1310,,,2021
HD 4870 X2,AMD,1309,,2.0,2012
Quadro 4000M,NVIDIA,1307,4216.0,2.0,2011
HD 8790M,AMD,1306,7310.0,2.0,2014
Tesla M2070 Q,NVIDIA,1306,,,2014
930MX,NVIDIA,1302,5577.0,,2016
Ryzen Embedded V2748,AMD,1296,,,2021
Vega 6,AMD,1296,6900.0,,2018
UHD 630,Intel,1293,,,2017
R7 A370,AMD,1281,,,2016
R7 A10 7870K,AMD,1280,,,2015
540,AMD,1273,7762.0,,2017
FirePro 3D V8750,AMD,1272,,,2009
FirePro V5900,AMD,1271,2880.0,2.0,2011
GTX 560M,NVIDIA,1266,4284.0,1.5,2011
HD 8570D + HD 6670 Dual,AMD,1261,,,2014
HD 7560D + HD 7600 Dual,AMD,1258,,,2017
Iris 540,Intel,1257,,,2015
Quadro FX 5800,NVIDIA,1248,,4.0,2009
630,AMD,1245,9651.0,,2020
Quadro 2000 D,NVIDIA,1239,,,2011
HD 8570D + 6570 Dual,AMD,1239,,,2014
HD 7660D + 6670 Dual,AMD,1238,,,2012
HD P630,Intel,1237,,,2017
HD 7560D + HD 6570 Dual,AMD,1237,,,2014
GPU,NVIDIA,1236,,,2015
R7 + R5 340 Dual,AMD,1235,,,2017
FirePro 3D V5800,AMD,1232,,,2010
R7 + R7 250 Dual,AMD,1232,,,2016
HD 6770,AMD,1231,3269.0,1.0,2011
HD 8670D + HD 6670 Dual,AMD,1222,,,2014
GTX 260,NVIDIA,1221,,0.88,2012
HD 7730,AMD,1217,,1.0,2015
HD 8790M / R9 M290X,AMD,1211,,,2015
FirePro 3D V8700,AMD,1206,,,2010
N16P GX,Unknown,1205,,,2015
HD 7660D + 7540D Dual,AMD,1204,,,2013
R9 M270X,AMD,1204,,2.0,2015
HD P530,Intel,1202,,,2015
GT 650M,NVIDIA,1199,2385.0,1.0,2012
GTX 460M,NVIDIA,1198,3483.0,1.5,2012
HD 7750M,AMD,1191,,1.0,2013
R7 +8G,AMD,1191,,,2016
FirePro V5800,AMD,1186,2740.0,1.0,2016
Ryzen 3 5400U,AMD,1183,,,2021
GT 640,NVIDIA,1182,3450.0,2.0,2011
GTX 280,NVIDIA,1181,,1.0,2012
840A,NVIDIA,1180,5596.0,,2014
GTX 295,NVIDIA,1171,,1.75,2009
R7 Opteron X3421,AMD,1169,,,2017
FireStream 9250,Unknown,1165,,1.0,2013
Barco MXRT 5400,Unknown,1161,,,2016
Coffee Lake UHD,Intel,1158,,,2017
Quadro K620M,NVIDIA,1157,6165.0,,2015
HD 5750,AMD,1156,859.0,,2012
R7 250,AMD,1151,9512.0,,2013
625,AMD,1150,6656.0,,2020
940A,NVIDIA,1145,,,2015
GT 745A,NVIDIA,1144,,,2013
Ryzen 3 PRO 5450U,AMD,1143,,,2022
NVS 810,Unknown,1141,,,2016
HD 8850M / R9 M265X,AMD,1140,,,2016
R7 A10 9700E RADEON,AMD,1138,,,2018
HD 4850 X2,AMD,1132,,,2012
HD 7560D + 6670 Dual,AMD,1131,,,2012
R7 + R7 200 Dual,AMD,1129,6922.0,,2014
R7 FX 9830P RADEON,AMD,1127,,,2016
HD 8650G + 7700M Dual,AMD,1126,,,2014
HD 7660D + 7500 Dual,AMD,1121,,,2013
HD 630,Intel,1118,,,2016
R7 PRO A12 9800,AMD,1117,,,2017
R9 M275,AMD,1115,,,2014
R7 430,AMD,1110,6839.0,,2017
UHD 710,Intel,1107,,,2022
940M,NVIDIA,1106,5848.0,,2015
Quadro 2100M,NVIDIA,1100,,,2013
HD 7660D + 6570 Dual,AMD,1100,,,2013
Quadro M500M,NVIDIA,1098,5621.0,,2016
GT 545,NVIDIA,1096,3261.0,,2012
R5 PRO A6 9500 2C+6G,AMD,1096,,,2017
GTX 850M MODDED,NVIDIA,1092,,,2014
920MX,NVIDIA,1088,4069.0,,2016
Firepro W4190M,AMD,1086,,,2016
930A,NVIDIA,1082,5317.0,,2016
Quadro K1100M,NVIDIA,1082,2159.0,2.0,2013
MIRRORV3,Unknown,1081,,,2019
Barco MXRT 5450,Unknown,1079,,,2013
HD 8450G + 8600/8700M Dual,AMD,1070,,,2013
FirePro M4170,AMD,1067,6347.0,,2015
840M,NVIDIA,1067,5591.0,,2014
"R5 PRO A6 8570 R5, 8 COMPUTE CORES 2C+6G",AMD,1064,,,2021
Mobility Radeon HD 5870,AMD,1062,,1.0,2012
HD 7660D + 7670 Dual,AMD,1062,,1.0,2012
HD 7520G + 7700M Dual,AMD,1061,,,2013
GTX 760A,NVIDIA,1060,,,2015
Firepro M4100,AMD,1059,5067.0,,2015
GT 745M,NVIDIA,1055,3317.0,2.0,2013
OPAL XT/GL,Unknown,1053,,,2015
GTX 850A,NVIDIA,1050,,,2015
HD 7670A,AMD,1050,,1.0,2012
R7 PRO A8 9600,AMD,1049,,,2016
535,AMD,1048,7753.0,,2019
R7 A12 9730P RADEON,AMD,1047,,,2017
R7 + R7 240 Dual,AMD,1045,,,2015
HD 8570D + 6670 Dual,AMD,1040,,,2014
R7 M460,AMD,1038,7310.0,,2016
UHD Graphics 620,Intel,1037,4916.0,,2017
HD 8570D + HD 8570 Dual,AMD,1033,,,2016
HD 8600/8700M,AMD,1030,6686.0,,2014
Vega 3 Mobile,AMD,1029,4468.0,,2017
R7 + R5 330 Dual,AMD,1028,,,2016
Quadro K2000M,NVIDIA,1027,2313.0,2.0,2012
R7 M350,AMD,1027,5924.0,,2016
Quadro 3000M,NVIDIA,1024,2894.0,2.0,2011
R9 A375,AMD,1024,,,2020
Iris Pro 5200,Intel,1020,,,2013
HD 8670D + R7 240 Dual,AMD,1020,,,2014
HD 6700M,AMD,1017,1398.0,,2012
RadeonT R5 430,AMD,1016,,,2017
R5 A6 9500E 2C+4G,AMD,1015,,,2018
930M,NVIDIA,1011,5019.0,,2015
HD 7690M XT,AMD,1009,,1.0,2015
830A,NVIDIA,1005,4315.0,,2014
HD 6750,AMD,1005,,1.0,2011
HD 7690M,AMD,1003,1242.0,1.0,2012
HD 7660G + HD 7500/7600 7500/7600 Dual,AMD,1002,,,2014
"R5 PRO A6 9500 R5, 8 COMPUTE CORES 2C+6G",AMD,1000,,,2021
FirePro M4150,AMD,999,5874.0,,2015
HD 7660G + HD 7500M/7600M Dual,AMD,999,,,2016
HD 8570D + R7 200 Dual,AMD,999,,,2014
HD 7640G + HD 8750M Dual,AMD,997,,,2015
R5 340,AMD,996,5498.0,,2016
HD 8570,AMD,991,7060.0,,2013
Quadro 2000D,NVIDIA,989,3236.0,1.0,2011
R7 A12 9800 RADEON,AMD,989,,,2017
HD 7560D + 7570 Dual,AMD,985,,,2013
HD 530,Intel,984,,,2015
HD 8690M,AMD,984,5887.0,1.0,2015
HD 7560D + 7560D Dual,AMD,983,,,2014
R7 A10 7850K,AMD,982,,,2014
Quadro FX 4800,NVIDIA,979,,1.5,2012
R5 A10 9630P 4C+6G,AMD,977,,,2017
830M,NVIDIA,976,4281.0,,2014
R7 A10 9700 RADEON,AMD,975,,,2017
FirePro V4900,AMD,974,1666.0,,2012
HD 8670D + 8570 Dual,AMD,974,,,2014
HD 8850M,AMD,973,8067.0,2.0,2015
R6 A10 9600P 4C+6G,AMD,970,,,2018
HD 7660G N HD 7660G + HD 7700M N HD 7700M D,AMD,967,,,2013
R7 M465,AMD,965,7339.0,,2017
HD 6770M,AMD,964,448.0,1.0,2011
HD 8570D + R7 240 Dual,AMD,964,,,2014
R7 M270DX,AMD,962,,,2020
R7 PRO A12 8870E,AMD,962,,,2016
GT 645M,NVIDIA,958,2445.0,2.0,2013
R7 A10 PRO 7850B,AMD,958,,,2014
R6 Opteron X3418,AMD,955,,,2019
R7 A265,AMD,955,,,2015
FirePro W4170M,AMD,953,5507.0,2.0,2015
HD 4850,AMD,953,,0.5,2012
Qualcomm Adreno 690 GPU,Qualcomm,952,,,2022
HD 8670D + R7 200 Dual,AMD,950,,,2014
HD 8570 + HD 7660D Dual,AMD,949,,,2013
R7 A8 7500,AMD,948,,,2017
Quadro CX,NVIDIA,947,,1.5,2009
R7 M260X,AMD,947,5979.0,2.0,2015
HD 6670/7670,AMD,946,,,2016
HD 7640G + 7690M Dual,AMD,946,,,2013
530,AMD,945,6912.0,,2017
R7 PRO A10 8850B,AMD,945,,,2016
zxcvIntel HD 620,Intel,944,,,2020
Quadro 2000,NVIDIA,942,3240.0,1.0,2010
HD 7660D + R7 240 Dual,AMD,942,,,2015
R7 A12 9800E RADEON,AMD,941,,,2017
R7 PRO A12 9800E,AMD,940,,,2017
R5 430,AMD,939,5584.0,,2017
HD 6750M,AMD,937,405.0,1.0,2011
HD 7560D + HD 8570 Dual,AMD,936,,,2014
R7 PRO A10 9700E,AMD,933,,,2017
HD 7660G + 7730M Dual,AMD,931,,,2014
R7 340,AMD,931,,,2016
R7 PRO A10 8770,AMD,931,,,2017
R7 240 + HD 8670D Dual,AMD,930,,,2014
R9 M265X,AMD,929,9044.0,2.0,2014
Radeon. HD 7730M,AMD,928,,,2017
Iris Pro 6100,Intel,925,,,2015
HD Graphics 620,Intel,923,4524.0,,2016
R9 M280X,AMD,922,,,2020
R7 240 + HD 8570D Dual,AMD,918,,,2014
R7 A8 8650,AMD,913,,,2016
R7 M445,AMD,913,5920.0,,2017
GRID K220Q,Unknown,912,,,2015
R7 A10 7860K,AMD,912,,,2016
6750M,AMD,911,,,2017
GT 640M,NVIDIA,907,2213.0,2.0,2012
Iris 6100,Intel,907,,,2015
HD 4770,AMD,906,,,2011
Barco MXRT 7400,Unknown,901,,,2013
HD 8550G + 7600M Dual,AMD,901,,,2016
Barco MXRT 2600,Unknown,900,,,2018
R7 + R5 Dual,AMD,898,,,2017
R7 PRO A10 8770E,AMD,897,,,2017
7900 MOD Radeon HD 6550D,AMD,893,,,2013
FirePro W2100,AMD,890,4425.0,2.0,2014
UHD 620,Intel,889,,,2020
Vega 3,AMD,889,4656.0,,2018
R7 + R5 435 Dual A10 9700 RADEON,AMD,886,,,2017
R7 A10 8750,AMD,885,,,2015
HD 8650G + 7670M Dual,AMD,884,,,2013
R7 M365X,AMD,884,6237.0,,2016
R7 PRO A12 8830B,AMD,883,,,2017
HD 7660G + HD 7730M Dual,AMD,882,,,2016
GT 445M,NVIDIA,881,,3.0,2010
"R5 A6 9500 RADEON R5, 8 COMPUTE CORES 2C+6G",AMD,878,,,2020
E6760,AMD,877,,,2012
LMIMIRR,Unknown,875,,,2018
920A,NVIDIA,872,,,2016
R7 G,AMD,870,,,2015
HD 8570D + HD 6570 Dual,AMD,868,,,2014
HD 520,Intel,866,,,2015
Mobility Radeon HD 4850,AMD,866,,1.0,2009
"R5 PRO A6 8570E R5, 6 COMPUTE CORES 2C+4G",AMD,866,,,2021
R7 A8 7670K,AMD,866,,,2015
HD 8470D + HD 6450 Dual,AMD,863,,,2014
R7 240,AMD,863,5174.0,,2013
R7 M440,AMD,862,6184.0,,2016
HD 4830,AMD,860,,,2012
HD 8750M,AMD,860,6508.0,2.0,2014
HD 8550G + HD 7600M Dual,AMD,855,,,2015
FirePro 3D V4800,AMD,854,,,2010
HD 8500M/8700M,AMD,853,6052.0,,2015
R5 A6 9500 2C+6G,AMD,853,,,2017
R7 A8 7500 4C+6G,AMD,853,,,2017
GT 635,NVIDIA,852,3314.0,,2013
HD 6000,Intel,851,,,2015
UHD 617,Intel,848,,,2019
R5 PRO A6 8570 2C+6G,AMD,847,,,2017
R5 435,AMD,841,7050.0,,2020
620,AMD,840,5914.0,,2020
FireGL V8600,Unknown,839,,1.0,2010
HD 8470D + 6570 Dual,AMD,838,,,2014
HD 8670D + R5 235 Dual,AMD,837,,,2014
HD 6650A,AMD,836,,,2012
520,AMD,833,6451.0,,2017
HD 7560D + 6570 Dual,AMD,833,,1.0,2012
HD 7520G + HD 7500/7600 Dual,AMD,832,,,2016
HD 7660G + 7600M Dual,AMD,832,,,2012
HD 8650G + 8600/8700M Dual,AMD,832,,,2013
HD 5200,Intel,830,,,2013
3DP Edition,Unknown,827,,,2018
HD 7640G N HD 7640G + HD 7600M N HD 7600M D,AMD,824,,,2013
HD 3850 X2,AMD,822,,1.0,2009
HD 7540D + 7500 Dual,AMD,822,,,2014
R7 M260DX,AMD,822,,,2019
HD 8650G + HD 7600M Dual,AMD,820,,,2015
HD 8550G + HD 8750M Dual,AMD,819,,2.0,2014
GT 730M,NVIDIA,816,2974.0,2.0,2013
R7 A10 Extreme Edition,AMD,816,,,2016
535DX,AMD,813,5277.0,,2019
HD 7670,AMD,813,,1.0,2012
GT 730,NVIDIA,812,2953.0,2.0,2014
HD 8670D + 7000 Dual,AMD,812,,,2017
GRID K1,Unknown,811,1976.0,,2013
R5 A6 7480,AMD,811,,,2019
R8 M445DX,AMD,806,5183.0,,2019
HD 8550G + 8600/8700M Dual,AMD,803,,,2013
HD 8650G + HD 8790M Dual,AMD,800,,,2014
9800 GX2,NVIDIA,798,,1.0,2009
R7 A8 9600 RADEON,AMD,798,,,2017
HD 8550G + 8750M Dual,AMD,796,,,2013
HD 8650G N HD 8650G + HD 8600/8700M Dual,AMD,796,,,2013
R5 M435,AMD,796,6493.0,,2018
HD 8650G + 8750M Dual,AMD,787,,,2013
HD 5670,AMD,784,1508.0,,2012
R7 A8 7600,AMD,782,,,2014
R7 A10 7890K,AMD,781,,,2016
R7 A365,AMD,781,,,2016
R7 PRO A6 9500 2C+6G,AMD,781,,,2019
Quadro FX 3800,NVIDIA,780,,1.0,2009
GT 740M,NVIDIA,779,3312.0,2.0,2013
HD 8650G + HD 8750M Dual,AMD,779,,,2014
HD 7660G + HD 7700M Dual,AMD,777,,,2014
HD 7640G + 7500M/7600M Dual,AMD,776,,,2012
Quadro K420,NVIDIA,775,1414.0,1.0,2014
R7 FX 8800P,AMD,775,,,2016
RadeonT Vega 3,AMD,775,,,2020
GT 340,NVIDIA,774,,1.0,2011
Mobility Radeon HD 5000,AMD,773,1212.0,,2012
Quadro 2000M,NVIDIA,773,2794.0,2.0,2012
Quadro K1000M,NVIDIA,773,1345.0,2.0,2012
HD 7600M + 7600M Dual,AMD,773,,,2012
HD 8650G N HD 8650G + HD 8570M Dual,AMD,773,,,2014
R7 A10 8850,AMD,773,,,2017
R5 PRO A6 9500E 2C+4G,AMD,771,,,2017
R7 PRO A10 9700,AMD,771,,,2017
730A,NVIDIA,769,3088.0,,2015
825M,NVIDIA,769,,,2014
9800 GTX,NVIDIA,769,,0.5,2009
Quadro K600,NVIDIA,769,1435.0,1.0,2013
HD 4810,AMD,769,,,2014
GT 440,NVIDIA,766,2380.0,0.5,2010
HD 8650G + HD 8600/8700M Dual,AMD,764,,,2014
Mobility Radeon HD 5850,AMD,763,,1.0,2010
HD 6450 + 8470D Dual,AMD,763,,,2017
R9 M375,AMD,763,10036.0,,2015
UHD 615,Intel,760,,,2018
HD 7660G + HD 7500/7600 Dual,AMD,760,,,2016
R7 A12 9720P RADEON,AMD,759,,,2017
Iris 5100,Intel,758,,,2013
HD 7660G + HD 8500M Dual,AMD,758,,,2014
HD 8650G + HD 8600M N HD 8600M Dual,AMD,758,,,2013
R7 PRO A10 8750B,AMD,758,,,2015
R7 PRO A10 9700B,AMD,758,,,2018
HD 7660G + 7700M Dual,AMD,757,,,2013
Quadro 1100M,NVIDIA,755,,,2013
HD 7640G + 7450M Dual,AMD,754,,,2014
HD 8570D + HD 7000 Dual,AMD,753,,,2015
HD 6650M,AMD,752,,1.0,2011
R7 A8 7680,AMD,752,,,2019
IncrediblE HD 4600,Unknown,750,,,2018
M535DX,AMD,750,,,2019
R7 A10 7700K,AMD,749,,,2014
HD 7640G + 7650M Dual,AMD,747,,,2014
HD 7660G + HD 8600/8700M Dual,AMD,747,,,2016
HD 7660G + 7610M Dual,AMD,746,,,2012
HD 8670D + R5 330 Dual,AMD,746,,,2017
HD 6670,AMD,745,1657.0,1.0,2012
R5 235 + HD 7560D Dual,AMD,744,,,2014
GT 730A,NVIDIA,743,,,2014
HD 7660G + 7670M Dual,AMD,743,,,2012
HD 8650G + 7600M Dual,AMD,742,,,2013
R8 M365DX,AMD,741,5601.0,2.0,2019
R7 PRO A8 8650B,AMD,740,,,2015
Poison Ivy,Intel,739,,,2019
HD 7670M + 7670M Dual,AMD,738,,,2012
R5 235 + HD 8570D Dual,AMD,738,,,2015
R7 M270,AMD,734,6810.0,4.0,2015
R5 A10 9620P 4C+6G,AMD,732,,,2017
NVS 510,Unknown,730,1235.0,,2012
UHD 610,Intel,729,,,2018
HD 7550M/7650M,AMD,729,,,2012
GRID K140Q,Unknown,728,,,2014
R7 FX 9800P RADEON,AMD,727,,,2016
HD 6800M,AMD,726,2490.0,,2012
720A,NVIDIA,725,,,2018
HD 615,Intel,724,,,2016
920M,NVIDIA,723,3148.0,,2015
HD 7660G N HD 7660G + HD 7600M N HD 7600M D,AMD,723,,,2013
HD 8650G + R5 M200 Dual,AMD,723,,,2015
R7 PRO A12 9800B,AMD,722,,,2017
Asus GTX 650 FML II EC EGPU,NVIDIA,721,,,2016
Mobility Radeon HD 4870,AMD,720,,1.0,2010
HD 7540D + 6570 Dual,AMD,720,,,2013
HD 8670D + HD 7000 Dual,AMD,719,,,2015
"R5 PRO A8 9600B R5, 10 COMPUTE CORES 4C+6G",AMD,718,,,2021
HD 8470D + 6450 Dual,AMD,717,,,2013
HD 8650G + HD 8570M Dual,AMD,716,,,2014
"R5 A10 9600P RADEON R5, 10 COMPUTE CORES 4C",AMD,716,,,2020
HD 5600,Intel,712,,,2015
HD 7660G + HD 8670M Dual,AMD,711,,,2015
HD 3870 X2,AMD,709,,1.0,2011
Quadro K610M,NVIDIA,708,1596.0,1.0,2014
HD 6550A,AMD,708,,,2012
HD 7660G + HD 7670M Dual,AMD,707,,,2014
HD 7640G + 7600M Dual,AMD,706,,,2012
HD 7660G N HD 7660G + HD 7670M Dual,AMD,705,,,2014
Tesla K40m,NVIDIA,705,15850.0,,2021
HD 7640G + HD 7600M Dual,AMD,704,,,2014
R7 A8 7650K,AMD,704,,,2015
R7 A12 9700P RADEON,AMD,703,,,2016
GT 740A,NVIDIA,702,,,2015
HD 7570M/HD 7670M,AMD,699,1416.0,,2015
TRINITY DEVASTATOR MOBILE,Unknown,699,,,2016
R5 PRO A10 8730B 4C+6G,AMD,695,,,2017
R5 PRO A6 9500B 2C+4G,AMD,693,,,2017
HD 7640G + 7700M Dual,AMD,691,,,2013
R7 A10 7800,AMD,691,,,2014
R5 PRO A6 8530B 2C+4G,AMD,690,,,2017
R7E,AMD,690,2945.0,,2018
HD 7640G + 8600/8700M Dual,AMD,689,,,2013
GT 555M,NVIDIA,688,2629.0,1.5,2011
HD 8650G + R5 M230 Dual,AMD,686,,,2014
HD 6630M,AMD,685,,1.0,2011
HD 8550D,AMD,685,,,2014
GT 630,NVIDIA,683,2190.0,1.0,2012
HD 7640G N HD 7640G + HD 7670M Dual,AMD,680,,,2013
HD 8650G N HD 8650G + HD 8600M N HD 8600M D,AMD,680,,,2013
GTS 160M,NVIDIA,679,,1.0,2009
HD 7640G + HD 8670M Dual,AMD,677,,,2015
GT 530,NVIDIA,676,1947.0,1.0,2011
GTX 285M,NVIDIA,676,,1.0,2010
Quadro FX 4700 X2,NVIDIA,676,,,2014
HD 8610G + R5 M200 Dual,AMD,676,,,2016
R7 A360,AMD,676,5809.0,,2017
GT 640M LE,NVIDIA,673,2078.0,1.0,2012
HD 610,Intel,673,,,2017
R8 M535DX,AMD,670,4620.0,,2019
HD 7640G + HD 8500M N HD 8500M Dual,AMD,666,,,2013
FirePro M7740,AMD,665,,1.0,2009
Quadro 500M,NVIDIA,664,,,2013
HD 8550G + 8690M Dual,AMD,664,,,2013
FirePro V3900,AMD,662,1395.0,1.0,2012
HD 5600/5700,AMD,661,2586.0,,2011
FireGL V7700,Unknown,660,,0.5,2011
HD 2900 XT,AMD,660,,,2012
HD 8730M,AMD,659,6236.0,1.0,2015
R5 PRO A8 9600B 4C+6G,AMD,659,,,2017
GT 140,NVIDIA,658,,1.0,2009
GTS 360M,NVIDIA,655,,1.0,2010
HD 7640G + 8750M Dual,AMD,655,,,2013
HD 8550G + HD 8600/8700M Dual,AMD,655,,,2015
Professional HD Driver,Unknown,654,,,2018
HD 8650G + 8570M Dual,AMD,654,,,2013
HD 7520G + HD 8750M Dual,AMD,651,,,2015
SUMO 9640,Unknown,650,,,2011
R5 M430,AMD,649,4969.0,,2016
FireStream 9170,Unknown,647,,2.0,2015
HD 6670 + 6670 Dual,AMD,647,,,2013
HD 8610G + HD 8500M Dual,AMD,646,,,2014
R7 M340,AMD,646,5485.0,,2016
HD 7640G + 7670M Dual,AMD,645,,,2012
HD 7540D + HD 6450 Dual,AMD,643,,,2014
R7 PRO A12 8800B,AMD,642,,,2016
8800 Ultra,NVIDIA,639,,0.75,2009
R5 PRO A6 8570E 2C+4G,AMD,638,,,2017
GT 710,NVIDIA,637,1665.0,1.0,2014
HD 7640G + 7400M Dual,AMD,637,,,2013
HD 8450G + 8750M Dual,AMD,637,,,2013
9800 S,NVIDIA,636,,,2012
Matrox C420 LP PCIe x16,Unknown,635,,,2015
NVS 5400M,Unknown,635,2151.0,2.0,2012
HD 8650G + 8670M Dual,AMD,635,,,2013
HD 7660D + HD 7000 Dual,AMD,634,,,2014
HD 7730M,AMD,634,6787.0,2.0,2015
HD 8650G + HD 7670M Dual,AMD,634,,,2016
9800 GTX/9800 GTX+,NVIDIA,632,,,2009
HD 7610M,AMD,632,,1.0,2012
HD 7640G + HD 7700M N HD 7700M Dual,AMD,631,,,2015
HD 7660G + 7470M Dual,AMD,631,,,2012
HD 8510G + HD 8500M Dual,AMD,630,,,2015
GRID K160Q,Unknown,628,,,2016
Quadro FX 3800M,NVIDIA,628,,,2009
HD 2900 PRO,AMD,628,,,2011
GT 820M,NVIDIA,627,1508.0,,2016
HD 4600,Intel,627,,,2013
HD 7640G + 7500/7600 Dual,AMD,627,,,2013
HD 8650G + 8500M Dual,AMD,627,,,2013
R7 A8 PRO 7600B,AMD,627,,,2014
"R5 A10 9620P RADEON R5, 10 COMPUTE CORES 4C",AMD,626,,,2020
HD P4600/P4700,Intel,624,,,2013
HD 7520G + HD 8600/8700M Dual,AMD,624,,,2014
R5 A6 8500P,AMD,624,,,2018
HD 515,Intel,623,,,2015
810A,NVIDIA,622,1828.0,,2014
GTS 240,NVIDIA,622,,1.0,2009
GTX 280M,NVIDIA,621,,1.0,2009
HD 7640G + HD 7400M Dual,AMD,621,,,2014
HD 8570 + 8670D Dual,AMD,620,,,2013
HD 510,Intel,619,,,2015
HD 8550G + R5 M200 Dual,AMD,619,,,2015
R5 A10 9600P 4C+6G,AMD,619,,,2016
GTS 250,NVIDIA,618,,1.0,2012
HD 8550G + 8600M Dual,AMD,618,,,2013
HD 7500G + 7500M/7600M Dual,AMD,617,,,2013
FireGL V7600,Unknown,616,,0.5,2009
HD 7660G + HD 7600M Dual,AMD,616,,,2014
HD 7570,AMD,613,1344.0,1.0,2012
HD 8650G + 8600M Dual,AMD,613,,,2013
HD 8550G N HD 8550G + HD 8600M N HD 8600M D,AMD,612,,,2015
7900 MOD Radeon HD 6520G,AMD,610,,,2012
Quadro K510M,NVIDIA,610,,,2013
HD 8610G + 8500M Dual,AMD,610,,,2013
HD 7640G + HD 8500M Dual,AMD,607,,,2014
GT 720,NVIDIA,606,1898.0,1.0,2014
HD 8650G + HD 8600M Dual,AMD,606,,,2014
HD P4600,Intel,605,,,2013
"R5 A6 9400 RADEON R5, 6 COMPUTE CORES 2C+4G",AMD,605,,,2020
GT 430,NVIDIA,603,1974.0,1.0,2012
HD 8550G + 8500M Dual,AMD,603,,,2013
GT 720A,NVIDIA,601,,,2014
HD 8610G + 8670M Dual,AMD,600,,,2014
Quadro 1000M,NVIDIA,599,1598.0,2.0,2012
"R5 PRO A10 8730B R5, 10 COMPUTE CORES 4C+6G",AMD,598,,,2020
8800 GTX,NVIDIA,597,,,2012
HD 8510G + 8500M Dual,AMD,596,,,2014
R5 M330,AMD,596,5206.0,,2015
HD 7640G + 7470M Dual,AMD,595,,,2012
GT 735M,NVIDIA,594,3550.0,2.0,2013
HD 8550G + HD 8600M Dual,AMD,594,,,2014
8800 GTS 512,NVIDIA,591,,,2012
HD 7520G + 7600M Dual,AMD,591,,,2013
HD 7640G + HD 7700M Dual,AMD,589,,,2015
HD 8610G + 8600M Dual,AMD,589,,,2013
HD 7520G + 7610M Dual,AMD,588,,,2013
HD 7660G + 7400M Dual,AMD,588,,,2013
HD 7660G + 8670M Dual,AMD,588,,,2014
HD 7640G + HD 8600/8700M Dual,AMD,587,,,2015
HD 7640G + 8500M Dual,AMD,586,,,2014
HD 8650G + HD 8670M Dual,AMD,585,,,2015
HD 5500,Intel,582,1085.0,,2014
HD 7520G + 7500/7600 Dual,AMD,582,,,2013
GT 550M,NVIDIA,580,2137.0,1.0,2011
"R5 A10 9630P RADEON R5, 10 COMPUTE CORES 4C",AMD,580,,,2021
HD 8550G + 8670M Dual,AMD,579,,,2013
910M,NVIDIA,578,2629.0,,2015
HD 8450G + R5 M230 Dual,AMD,578,,,2017
HD 8610G + HD 8670M Dual,AMD,578,,2.0,2013
Skylake HD DT GT2,Intel,577,,,2015
HD 7620G + 8670M Dual,AMD,577,,,2013
HD 3870,AMD,576,,0.5,2012
R5 A240,AMD,576,,,2016
R7 M265,AMD,576,6743.0,2.0,2014
HD 7520G + HD 7700M Dual,AMD,575,,,2016
HD 7520G N HD 7520G + HD 7500/7600 7500/760,AMD,575,,,2013
HD 8450G + HD 8670M Dual,AMD,575,,,2017
R5 420,AMD,575,,,2017
i gfx driver ci master 9938 DCH I,Intel,573,,,2022
R6 M255DX,AMD,572,4867.0,,2019
"R6 PRO A8 8600B R6, 10 Compute Cores 4C+6G",AMD,572,,,2020
R6 + R7 M265DX Dual,AMD,571,,,2015
GTS 250M,NVIDIA,569,,1.0,2009
HD 7560D + 6450 Dual,AMD,569,,,2013
820A,NVIDIA,568,2708.0,,2015
HD 6610M,AMD,565,,,2012
HD 7650A,AMD,564,1261.0,1.0,2012
GT 635M,NVIDIA,563,1901.0,2.0,2012
HD 5000,Intel,563,,,2013
HD 7560D + R5 235 Dual,AMD,563,,,2015
Quadro FX 5600,NVIDIA,562,,1.5,2009
R7 A10 PRO 7800B,AMD,562,,,2014
HD 7640G + R5 M200 Dual,AMD,559,,,2015
HD 8550G + HD 8500M Dual,AMD,559,,,2014
HD 7640G + 8570M Dual,AMD,558,,,2013
HD 7640G + 8670M Dual,AMD,558,,,2014
HD 7600G + HD 7500M/7600M Dual,AMD,555,,,2015
GF117,Unknown,554,,,2015
615,NVIDIA,552,1162.0,,2013
R7 M360,AMD,552,5578.0,,2015
R7 7850A10 7850K,AMD,551,,,2019
FireGL V8650,Unknown,550,,,2010
GT 630M,NVIDIA,549,1860.0,1.0,2012
R5 M335,AMD,549,5137.0,,2015
Mobility Radeon HD 3870,AMD,548,,0.5,2009
HD 8670D,AMD,548,2159.0,,2013
FirePro 3D V5700,AMD,547,,,2009
Quadro 600,NVIDIA,546,1849.0,1.0,2012
HD 8550G + HD 8670M Dual,AMD,546,,,2016
FirePro 3D V7750,AMD,545,,,2009
HD 7520G + HD 7400M Dual,AMD,545,,,2015
HD 8450G + 8600M Dual,AMD,545,,,2013
Mobility Radeon HD 5570,AMD,544,1070.0,,2011
HD 7600G + HD 8670M Dual,AMD,544,,,2015
GT 240,NVIDIA,543,,1.0,2012
Quadro FX 2700,NVIDIA,543,,,2014
HD 7520G + 7470M Dual,AMD,543,,,2013
R6 A10 8700P,AMD,541,,,2016
9800 GTX+,NVIDIA,538,,0.5,2012
KV SPECTRE LITE MOBILE 25W,Unknown,538,,,2015
R6 PRO A10 8700B 4C+6G,AMD,538,,,2016
GRID K180Q,Unknown,534,,,2015
NVS 5200M,Unknown,534,1556.0,1.0,2012
HD 7560D + HD 7000 Dual,AMD,534,,,2014
HD 8550G + 8570M Dual,AMD,533,,,2013
HD6530D,AMD,532,,,2012
R6 PRO A8 8600B 4C+6G,AMD,532,,,2016
HD 8550G + HD 8570M Dual,AMD,529,,,2016
HD 7640G + 6400M Dual,AMD,527,,,2012
HD 7600G N HD 7600G + HD ON HD Dual,AMD,526,,,2016
HD 8650D,AMD,526,,,2014
"R6 PRO A10 8700B R6, 10 Compute Cores 4C+6G",AMD,526,,,2020
HD 7660D + R5 235 Dual,AMD,524,,,2017
HD 7520G + 7670M Dual,AMD,523,,,2012
GT 435M,NVIDIA,521,1634.0,1.0,2012
HD 4400,Intel,521,,,2013
MCT USB3.0 External Device,Unknown,520,,,2020
HD 8670M,AMD,520,5532.0,1.0,2014
R5 240,AMD,520,4964.0,,2014
8800 GT,NVIDIA,519,,0.5,2009
HD 7640G + HD 7670M Dual,AMD,519,,,2014
GT 425M,NVIDIA,517,1581.0,1.0,2010
IncrediblE HD 4000,Unknown,517,,,2017
HD P4000,Intel,516,,,2012
A10 8700P,Unknown,514,,,2019
6600M,AMD,513,,,2012
R5 330,AMD,513,,,2017
Mobility Radeon HD 4830,AMD,512,,,2012
820M,NVIDIA,511,2347.0,,2014
HD 7640G + 7610M Dual,AMD,510,,,2013
HD 7600G + HD 7550M Dual,AMD,509,,,2014
HD 7620G + 8600M Dual,AMD,509,,,2013
R5 PRO A6 8500B 2C+4G,AMD,508,,,2017
HD 7620G + HD 8670M Dual,AMD,507,,,2014
9600 GT,NVIDIA,505,,,2011
GTS 150M,NVIDIA,504,,1.0,2014
HD 7660D,AMD,504,2017.0,,2012
HD 8450G + HD 8750M Dual,AMD,504,,,2016
R7 M265DX,AMD,499,,,2020
SUMO 964A,Unknown,498,,,2011
TRINITY SCRAPPER MOBILE,Unknown,498,,,2016
HD 7500G + 7550M Dual,AMD,497,,,2013
ASUS EAH4870x2,Unknown,496,,,2009
HD 6570,AMD,496,1404.0,1.0,2012
R5 M255,AMD,496,5270.0,4.0,2014
HD 7520G + HD 7670M Dual,AMD,495,,,2016
GT 540M,NVIDIA,493,1797.0,1.0,2012
GT625M,NVIDIA,493,1994.0,,2014
Vega 2,AMD,491,3208.0,,2020
HD8530M,AMD,490,,,2016
HD 8670D N HD 8670D + HD 8670D Dual,AMD,489,,,2013
HD 8550G + R5 M230 Dual,AMD,488,,,2014
Mobility Radeon HD 5730,AMD,487,,1.0,2010
HD 7520G + 7400M Dual,AMD,487,,,2015
R4E,AMD,487,,,2017
HD 7670M,AMD,485,1247.0,1.0,2012
9800 GT,NVIDIA,481,,0.5,2012
HD 8610G + HD 8600M Dual,AMD,481,,,2014
Quadro K500M,NVIDIA,480,,1.0,2020
Mobility Radeon HD 5000 Serisi,AMD,479,,,2013
HD 8650G,AMD,479,1735.0,,2013
Mobility Radeon HD 3870 X2,AMD,478,,,2009
HD 7660G,AMD,476,1714.0,,2012
R5 M315,AMD,476,3930.0,,2016
HD 7640G + HD 8570M Dual,AMD,475,,,2014
HD 8450G + 8670M Dual,AMD,475,,,2013
R6 A8 8600P,AMD,475,,,2017
HD 5570,AMD,473,1275.0,,2012
"R5 PRO A6 9500B R5, 6 COMPUTE CORES 2C+4G",AMD,473,,,2020
FirePro 3D V3800,AMD,472,,,2010
HD 7560D,AMD,472,1450.0,,2012
HD 8570D + R5 235 Dual,AMD,471,,,2015
HD 7600G + 8500M/8700M Dual,AMD,470,,,2013
R5 M420,AMD,470,4143.0,,2017
Quadro FX 1800M,NVIDIA,469,,1.0,2010
800M,NVIDIA,468,1303.0,,2014
GT 720M,NVIDIA,467,2056.0,1.0,2013
Quadro FX 3600M,NVIDIA,467,,1.0,2009
Quadro FX 3700M,NVIDIA,467,,1.0,2009
HD 7660D + 7470 Dual,AMD,466,,,2012
HD 8690A,AMD,466,,,2015
SUMO 9644,Unknown,466,,,2011
FirePro V5700,AMD,465,,0.5,2015
HD 7550M,AMD,465,,2.0,2012
Mobility Radeon HD 4670,AMD,463,,,2009
8800M GTX,NVIDIA,462,,0.5,2009
9800M GTX,NVIDIA,462,,1.0,2009
9800M GS,NVIDIA,460,,0.5,2012
GT 525M,NVIDIA,460,1562.0,1.0,2012
HD 7660G + HD 7600M N HD 7600M Dual,AMD,460,,,2014
705M,NVIDIA,456,,,2014
HD 7520G + 7650M Dual,AMD,453,,,2013
HIS DIGITAL HD 4650 AGP,Unknown,452,,,2014
HD 7620G N HD 7620G + HD 8600M N HD 8600M D,AMD,452,,,2013
HD 8450G + HD 8600M Dual,AMD,452,,,2015
R7 M260,AMD,452,5738.0,2.0,2014
710A,NVIDIA,451,2638.0,,2014
HD Family,Intel,451,,,2012
Mobility Radeon HD 5650,AMD,451,,1.0,2012
HD 7650M,AMD,451,1043.0,1.0,2012
710M,NVIDIA,450,1976.0,1.0,2013
Qualcomm Adreno 680 GPU,Qualcomm,449,,,2021
HD 7640G,AMD,448,1255.0,,2012
HD 7520G + HD 7600M Dual,AMD,447,,,2014
HD 7660G + 8600M Dual,AMD,446,,,2014
PHDGD Ivy 5,Unknown,445,,,2020
HD 7570M,AMD,445,1004.0,1.0,2012
GT 320,NVIDIA,444,,1.0,2010
GT 710M,NVIDIA,444,2103.0,,2014
HD 7620G + HD 8600M Dual,AMD,443,,,2014
HD 8350G,AMD,443,,,2013
8800 GTS,NVIDIA,440,,0.31,2012
Quadro FX 4600,NVIDIA,437,,0.75,2009
Quadro 410,NVIDIA,436,1125.0,0.5,2012
GT 625M,NVIDIA,435,2229.0,2.0,2013
HD 7600G + HD Dual,AMD,435,,,2014
HD 8410G,AMD,435,,,2014
HD 8570D,AMD,434,1521.0,,2013
Quadro FX 2800M,NVIDIA,433,,1.0,2010
HD 3850 AGP,AMD,432,,0.5,2012
R5 M240,AMD,432,3721.0,2.0,2015
GT 620M,NVIDIA,431,1605.0,1.0,2012
800A,NVIDIA,428,,,2015
9800M GT,NVIDIA,424,,0.5,2009
HD 7640G + HD 7500/7600 Dual,AMD,424,,,2015
HD 7600G + 7550M Dual,AMD,423,,,2014
HD 7640G N HD 7640G + HD 8570M Dual,AMD,423,,,2013
HD6410D,AMD,423,,,2012
GT 330,NVIDIA,422,,0.25,2010
HD 8570M,AMD,422,4646.0,1.0,2015
4th Generation Haswell HD,Intel,420,,,2017
GT 420M,NVIDIA,418,1334.0,0.5,2010
R5 M320,AMD,418,4972.0,,2015
HD 6550D,AMD,417,1189.0,,2011
HD 8610G,AMD,414,1490.0,,2013
GTX 260M,NVIDIA,412,,1.0,2012
GT 420,NVIDIA,411,1055.0,2.0,2010
HD 3850,AMD,410,,0.25,2011
GTS 350M,NVIDIA,408,,1.0,2010
HD 7470M,AMD,408,,0.5,2012
HD 7640G + HD 7600M N HD 7600M Dual,AMD,407,,,2013
FirePro M2000,AMD,406,,,2012
HD 7600G + 7500M/7600M Dual,AMD,406,,,2013
Quadro FX 1800,NVIDIA,405,,0.75,2009
E4690,AMD,405,,,2011
HD 8550G,AMD,403,1360.0,,2013
810M,NVIDIA,402,1644.0,,2014
Mobility Radeon HD 4650,AMD,401,,0.5,2009
GT 335M,NVIDIA,400,,1.0,2010
HD 8500M,AMD,397,4746.0,,2015
R5 Opteron X3216,AMD,394,,,2017
R5 M230,AMD,391,4658.0,4.0,2014
HD 7600G + 7450M Dual,AMD,390,,,2013
IncrediblE HD,Unknown,389,,,2016
HD 5300,Intel,389,,,2014
7900 GTX,NVIDIA,388,,0.5,2009
Quadro FX 3700,NVIDIA,384,,0.5,2010
HD 4670,AMD,384,,,2012
HD 5550,AMD,383,,,2010
8800M GTS,NVIDIA,382,,0.5,2012
9800M GTS,NVIDIA,379,,1.0,2009
HD 6490M,AMD,378,,0.5,2011
HD 7520G + 8750M Dual,AMD,377,,,2014
HD 7600G + 6400M Dual,AMD,377,,,2013
PHDGD Ivy 4,Unknown,374,,,2016
HD 8570D + HD8490 Dual,AMD,374,,,2016
UHD 605,Intel,370,,,2018
GT 610M / GT 620M / GT 710M / GT 720M / GT,NVIDIA,369,,,2014
Matrox Millennium P690 PCIe x16,Unknown,367,,,2009
Mobility Radeon HD 3850,AMD,366,,0.5,2009
HD 7620G,AMD,366,1232.0,,2012
HD4670,AMD,366,,,2012
GT 620,NVIDIA,365,1337.0,1.0,2012
HD 7520G N HD 7520G + HD 7600M N HD 7600M D,AMD,365,,,2013
HD 7660G + HD 8600M Dual,AMD,364,,,2016
HD 8470D,AMD,362,1115.0,,2013
HD 8450G,AMD,361,984.0,,2013
HD 8510G,AMD,361,1370.0,,2013
Quadro FX 2700M,NVIDIA,358,,0.5,2009
HD 7500G + HD 7500M/7600M Dual,AMD,356,,,2015
GT 705,NVIDIA,355,1247.0,1.0,2014
HD 6620G,AMD,355,863.0,,2012
Mobility Radeon HD 565v,AMD,353,,1.0,2011
HD 6480M,AMD,353,,,2015
HD 7580D,AMD,351,,,2013
9600 GSO,NVIDIA,350,,0.38,2009
GT 130,NVIDIA,347,,0.75,2009
9600 GSO 512,NVIDIA,345,,,2009
7950 GT,NVIDIA,344,,0.5,2011
FireGL V5600,Unknown,341,,0.5,2009
FirePro 3D V3750,AMD,341,,,2009
HD 8310E,AMD,341,,,2015
HD 7660D + HD 7400 Dual,AMD,340,,,2015
HD 505,Intel,339,,,2019
HD 8570D + HD 8470 Dual,AMD,338,,,2016
HD 7540D,AMD,336,1073.0,,2012
FirePro RG220,AMD,335,,,2011
HD 4000,Intel,333,,,2012
FirePro V3800,AMD,332,,,2016
8800 GS,NVIDIA,332,,0.38,2009
R5 310,AMD,332,,,2015
HD 7450M,AMD,330,476.0,1.0,2015
HD 7500G,AMD,330,824.0,,2012
GT 625,NVIDIA,329,1026.0,,2013
HD 7600G + HD 7400M Dual,AMD,329,,,2015
R5 235,AMD,329,779.0,1.0,2014
UHD 600,Intel,328,,,2018
9700M GTS,NVIDIA,326,,0.5,2010
GT 120 / 9500 GT,NVIDIA,325,,,2011
HD 6530D,AMD,325,845.0,,2012
E6460,AMD,324,,,2015
GT 230,NVIDIA,322,,0.5,2009
240M GT,NVIDIA,320,,,2019
HD 7600G,AMD,320,1086.0,,2012
HD6370D,AMD,320,,,2011
HD 8280,AMD,319,,,2014
Mobility Radeon HD 560v,AMD,318,,1.0,2010
HD 7470,AMD,316,791.0,0.5,2012
HD 7520G,AMD,312,966.0,,2012
HD 7420G,AMD,311,675.0,,2012
HD 7520G + 8600/8700M Dual,AMD,311,,,2014
HD 8370D,AMD,311,783.0,,2013
Quadro FX 3500M,NVIDIA,306,,0.5,2009
605,NVIDIA,305,764.0,,2012
GT 610,NVIDIA,303,1164.0,1.0,2012
R1E,AMD,301,,,2017
Q965/Q963 Express,Intel,300,,,2009
HD 6520G,AMD,300,704.0,,2012
R5E,AMD,300,1991.0,,2014
GT 520,NVIDIA,297,1139.0,1.0,2011
HD P3000,Intel,297,,,2012
HD 500,Intel,294,,,2019
9600M GT / GeForce GT 220M,NVIDIA,293,,,2010
GT 520MX,NVIDIA,293,1081.0,1.0,2012
GRID K120Q,Unknown,293,,,2015
610M,NVIDIA,292,1086.0,1.0,2012
Quadro FX 3500,NVIDIA,292,,0.25,2009
HD 2900 GT,AMD,292,,0.25,2012
7800 GTX,NVIDIA,291,,0.5,2009
IncrediblE HD 3000,Unknown,291,,,2021
7950 Xtreme,NVIDIA,288,,,2015
GT 520M,NVIDIA,288,1013.0,1.0,2012
HD 7450A,AMD,288,668.0,,2012
GT 415M,NVIDIA,286,751.0,0.5,2011
NVS 315,Unknown,286,851.0,,2014
Mobile Intel HD,Intel,285,,,2011
HD 7480D,AMD,285,751.0,,2012
Mobility Radeon HD 5165,AMD,284,,1.0,2010
HD 2600 XT,AMD,283,,0.25,2011
R5 235X,AMD,280,,1.0,2014
9600 GS,NVIDIA,279,,0.75,2010
HD 6370M,AMD,276,,1.0,2010
HD 8400E,AMD,273,,,2013
9650M GS,NVIDIA,270,,0.5,2009
Go 7900 GTX,NVIDIA,270,,0.5,2009
HD 8280G,AMD,270,,,2013
Qualcomm Adreno 630 GPU,Qualcomm,268,,,2019
HD 5470,AMD,268,,,2014
HD 7400G,AMD,267,592.0,,2012
GT 120M,NVIDIA,266,,1.0,2009
Mobility Radeon HD 550v,AMD,266,,1.0,2010
HD 8490,AMD,265,897.0,,2014
Go 7950 GTX,NVIDIA,264,,0.5,2009
HD 6450A,AMD,260,,1.0,2012
HD 6480G,AMD,259,618.0,,2012
7900 GT,NVIDIA,258,,0.25,2009
HD 8400,AMD,258,1453.0,,2013
510,NVIDIA,257,758.0,1.0,2011
HD 3000,Intel,257,,,2012
NVS 4200M,Unknown,257,1155.0,1.0,2012
HD 8470,AMD,257,785.0,,2013
7900 GS,NVIDIA,254,,0.25,2009
Quadro NVS 510M,NVIDIA,254,,1.0,2010
HD 6370D,AMD,254,,,2011
HD 8330,AMD,252,1726.0,,2013
410M,NVIDIA,250,872.0,1.0,2011
HD 7640G + 8600M Dual,AMD,250,,,2017
GT 415,NVIDIA,248,,,2013
CARRIZO 9874,Unknown,247,,,2020
7900 GT/GTO,NVIDIA,247,,,2009
7800 GT,NVIDIA,244,,0.25,2009
HD 6410D,AMD,243,610.0,,2011
NVS 310,Unknown,242,851.0,,2012
Quadro FX 5500,NVIDIA,242,,1.0,2009
HD 8330E,AMD,242,1214.0,,2013
HD 8240,AMD,241,978.0,,2013
HD 8280E,AMD,241,1210.0,,2014
HD4650,AMD,240,,,2012
HD 7640G + R5 M230 Dual,AMD,239,,,2016
Mobility Radeon HD 5470,AMD,236,,1.0,2012
Quadro FX 4500 X2,NVIDIA,236,,,2010
HD 4550,AMD,236,,0.25,2012
Mobility Radeon HD 3670,AMD,232,,0.5,2009
E6465,AMD,231,,,2018
R2E,AMD,229,,,2014
HD 6470M,AMD,228,747.0,1.0,2012
Quadro FX 4500,NVIDIA,226,,0.5,2009
R5 230,AMD,222,641.0,1.0,2018
HD6450,Unknown,221,,,2016
HD 7340M,AMD,221,,,2012
HD 7450,AMD,221,642.0,0.5,2012
A6 Micro 6500T Quad Core APU with RadeonR4,AMD,220,,,2016
320M,NVIDIA,219,,,2011
Mobility FireGL V5725,Unknown,219,,,2009
Quadro FX 880M,NVIDIA,219,,1.0,2010
HD 4650,AMD,219,,0.5,2011
Quadro FX 2500M,NVIDIA,218,,1.0,2009
9700M GT,NVIDIA,217,,0.5,2009
HD 6320 Graphic,AMD,216,,,2011
Mobility Radeon. HD 5470,AMD,215,,,2013
Mobility Radeon HD 5450,AMD,214,,1.0,2010
HD 2000,Intel,213,,,2015
2nd Generation SandyBridge HD,Intel,212,,,2017
WinFast GT 610,Unknown,212,,,2014
GT 220,NVIDIA,211,,1.0,2012
HD 2600 PRO,AMD,211,,,2011
Go 7600 GT,NVIDIA,210,,0.25,2009
Go 7800 GTX,NVIDIA,210,,0.5,2009
GT 330M,NVIDIA,209,,1.0,2012
HD 4650 AGP,AMD,208,,,2011
HD 8250,AMD,208,1075.0,,2013
Barco MXRT 1450,Unknown,206,,,2013
i gfx driver ci master 9938,Intel,206,,,2021
R3E,AMD,206,,,2015
GT 240M,NVIDIA,205,,1.0,2009
2nd Generation SandyBridge HD 3000,Intel,205,,,2016
Quadro NVS 290,NVIDIA,205,,0.25,2009
7600 GT,NVIDIA,204,,,2009
HD 6380G,AMD,204,426.0,,2012
7950 GX2,NVIDIA,202,,1.0,2009
GT 230M,NVIDIA,201,,1.0,2009
G200,NVIDIA,200,,,2010
Mobility Radeon HD 545v,AMD,200,,1.0,2010
HD 6450,AMD,200,632.0,0.5,2011
HD7450,AMD,199,,,2014
Quadro FX 770M,NVIDIA,198,,0.5,2009
HD 6320M,AMD,198,,,2011
HD 7340G,AMD,196,,,2012
6800 GS,NVIDIA,195,,0.25,2009
Infoshock HD,Intel,194,,,2017
HD 8210E,AMD,194,,,2017
HD 6430M,AMD,193,,1.0,2013
HD 7350,AMD,193,,0.5,2012
Mobility Radeon HD 2600 XT,AMD,192,,0.25,2009
Mobility Radeon HD 4550,AMD,191,,0.5,2010
HD 8210,AMD,191,784.0,,2013
NVS 5100M,Unknown,190,,1.0,2010
Quadro FX 1500,NVIDIA,190,,0.25,2009
Mobility Radeon HD 540v,AMD,188,,0.5,2010
505,NVIDIA,187,,,2013
Quadro FX 1600M,NVIDIA,186,,0.5,2009
Quadro FX 3450/4000 SDI,NVIDIA,186,,,2009
Quadro FX 380,NVIDIA,186,,0.25,2012
Mobility Radeon HD 5430,AMD,181,,1.0,2010
HD 7310G,AMD,181,,,2014
Barco MXRT 7100,Unknown,180,,,2013
FireGL V3600,Unknown,180,,0.25,2009
FirePro 3D V3700,AMD,179,,,2011
HD 6230,AMD,179,,,2013
7800 GS,NVIDIA,177,,0.25,2009
Go 7900 GS,NVIDIA,176,,0.5,2009
GT 120,NVIDIA,175,,0.5,2009
Mobility Radeon HD 530v,AMD,175,,1.0,2010
HD 7310 Carte graphique,AMD,174,,,2014
Quadro FX 1700M,NVIDIA,173,,0.5,2009
9200,NVIDIA,171,,,2009
GT 325M,NVIDIA,171,,1.0,2011
Quadro FX 1500M,NVIDIA,171,,0.5,2009
FirePro 2460,AMD,170,,,2012
HDG 4670,AMD,170,,,2015
Mobility Radeon HD 2600,AMD,168,,0.25,2012
HD 7310M,AMD,166,,,2012
HD manual gen9 2015 133271,Intel,165,,,2017
HD 8350,AMD,165,,,2013
VIA/S3G C 645/640 GPU,Unknown,163,,,2019
8600 GTS,NVIDIA,161,,,2012
315,NVIDIA,159,,,2010
7600 GS,NVIDIA,158,,0.25,2012
9200M GE,NVIDIA,157,,0.06,2009
9500 GS,NVIDIA,157,,0.5,2012
HD 7340,AMD,157,389.0,,2012
Quadro FX 570,NVIDIA,156,,0.25,2009
HD 4300/4500 Serisi,AMD,156,,,2014
Quadro FX 580,NVIDIA,155,,0.5,2009
8200,NVIDIA,153,,,2009
HD 8180,AMD,152,,,2013
305M,NVIDIA,151,,0.5,2012
HD 3670,AMD,151,,,2011
X1950 CrossFire Edition,AMD,151,,,2009
HD 3650 AGP,AMD,150,,,2011
Quadro FX 3450,NVIDIA,149,,0.25,2009
Go 7700,NVIDIA,148,,0.5,2009
Mobility Radeon HD 4350,AMD,148,,0.5,2011
HD 6320,AMD,148,354.0,,2011
FirePro 2270,AMD,147,,,2012
G100,NVIDIA,147,,,2012
ZX Chrome 645/640 GPU,Unknown,147,,,2017
GT 130M,NVIDIA,146,,1.0,2009
Quadro 400,NVIDIA,146,,0.5,2011
X1900 GT,AMD,146,,0.25,2009
S3 5400EW,Unknown,145,,,2021
Q35 Express,Intel,143,,,2009
6800 GT,NVIDIA,142,,0.25,2009
Q45/Q43 Express Chipset,Intel,142,,,2009
HD 6300M,AMD,142,456.0,,2012
EG PARK,Unknown,141,,,2021
HD 4290,AMD,141,,,2010
HD 6350,AMD,141,,0.5,2011
X1800 GTO,AMD,141,,0.25,2009
nForce 760i SLI,Unknown,140,,,2009
HD 6290M,AMD,140,,,2012
6800 Ultra,NVIDIA,139,,0.25,2009
Haswell HD GT2,Intel,139,,,2014
NVS 2100M,Unknown,139,,0.5,2010
Go 6800 Ultra,NVIDIA,138,,,2009
HD 5450,AMD,138,392.0,,2012
6600 GT,NVIDIA,137,,0.12,2010
9650M GT,NVIDIA,137,,1.0,2009
X1900 CrossFire Edition,AMD,137,,,2011
Quadro FX 380 LP,NVIDIA,136,,0.5,2010
7300 GT,NVIDIA,135,,0.25,2009
9500 GT,NVIDIA,135,,0.5,2009
Mobility Radeon HD 4330,AMD,135,,0.5,2009
Mobility Radeon HD 4570,AMD,135,,0.5,2011
Mobility Radeon X1900,AMD,135,,0.25,2010
R5 220,AMD,135,,1.0,2015
EAH5450,Unknown,134,,,2017
7650 GS,NVIDIA,134,,0.12,2009
9800 GT 1024MB,NVIDIA,134,,,2015
G102M,NVIDIA,134,,,2009
9600M GT,NVIDIA,132,,1.0,2009
RadeonT,AMD,132,,,2021
Mobility Radeon HD 3650,AMD,130,,0.5,2009
MOBILITY RADEON X1800,AMD,130,,,2009
HD 7310,AMD,130,312.0,,2012
X800 SE,AMD,130,,0.25,2009
9300 / nForce 730i,NVIDIA,129,,,2009
FireGL V7300,Unknown,128,,,2009
6800 XT,NVIDIA,128,,0.25,2009
8400 GS,NVIDIA,128,,0.25,2012
Go 7600,NVIDIA,128,,0.25,2009
Quadro NVS 320M,NVIDIA,128,,0.5,2009
All in Wonder X1900,Unknown,127,,,2009
9300,NVIDIA,127,,,2009
HD 3300,AMD,127,,,2009
205,NVIDIA,126,,0.5,2010
Seria Mobility Radeon HD 3400,AMD,125,,,2013
8700M GT,NVIDIA,124,,,2009
M76M,Unknown,124,,,2009
Quadro FX 1400,NVIDIA,124,,0.12,2011
Quadro FX 380M,NVIDIA,124,,0.5,2010
Haswell HD GT1,Intel,123,,,2014
Matrox G200e WDDM 2.0,Unknown,123,,,2018
HD 4250,AMD,123,,,2012
HD 6310,AMD,123,302.0,,2012
HD 7290M,AMD,123,,,2014
310,NVIDIA,122,,,2010
405,NVIDIA,122,,1.0,2011
9500M G,NVIDIA,122,,1.0,2009
G210M,NVIDIA,122,,,2009
GT 220M,NVIDIA,121,,1.0,2009
HD 2400,AMD,121,,,2012
Extreme AX850 PRO,Unknown,120,,,2018
Qualcomm Adreno 540 GPU,Qualcomm,120,,,2021
Qualcomm Adreno 618 GPU,Qualcomm,120,,,2021
9600M GS,NVIDIA,119,,1.0,2009
HD 2400 XT,AMD,119,,0.25,2011
RV530 PRO,Unknown,119,,,2009
Quadro FX 1700,NVIDIA,118,,0.5,2009
HD 3450,AMD,118,,0.25,2011
FireMV 2260,Unknown,117,,,2011
8600 GT,NVIDIA,117,,0.25,2012
Mobile Intel 45 Express Chipsatzfamilie,Intel,117,,,2011
PHDGD Quantic C3,Unknown,117,,,2017
X1700 Targa Edition,AMD,117,,,2012
FireGL V7200,Unknown,116,,0.25,2010
315M,NVIDIA,116,,0.5,2011
X1600 XT,AMD,116,,0.25,2012
FireGL V5200,Unknown,115,,,2009
8500 GT,NVIDIA,115,,0.25,2009
Go 7800,NVIDIA,115,,0.25,2009
NVS 3100M,Unknown,115,,0.5,2011
HD 7290,AMD,115,,,2012
X800 GTO,AMD,115,,0.25,2010
NVS 300,Unknown,114,,,2011
Quadro FX 560,NVIDIA,114,,0.12,2009
HD 2400 Pro,AMD,114,,0.25,2011
FirePro 2260,AMD,113,,,2010
6800,NVIDIA,113,,,2009
X1950 Pro,AMD,113,,0.5,2009
Sapphire RADEON X800 GT,AMD,113,,,2009
9400,NVIDIA,112,,,2009
HD Modded,Intel,112,,,2014
HD 4200,AMD,112,,,2012
FireGL V7350,Unknown,111,,1.0,2011
310M,NVIDIA,111,,0.5,2012
9200M GS,NVIDIA,111,,0.25,2009
9300 GS,NVIDIA,111,,0.5,2009
Mobility Radeon HD 3400 Serisi,AMD,111,,,2014
Quadro FX 570M,NVIDIA,111,,0.5,2009
6800 LE,NVIDIA,110,,,2009
HD 2600 Pro AGP,AMD,110,,,2011
HD 4270,AMD,110,,,2010
VIA/S3G Chrome 645/640 GPU,Unknown,110,,,2012
XFX Radeon HD 4650 AGP,AMD,110,,,2019
HD 4330,AMD,109,,,2012
HD 6290,AMD,109,220.0,,2012
G105M,NVIDIA,108,,,2009
Quadro FX 370 LP,NVIDIA,108,,,2012
GT 320M,NVIDIA,107,,1.0,2010
Infoshock 3000,AMD,107,,,2017
Go 6800,NVIDIA,106,,0.25,2009
GeForce9400M,NVIDIA,106,,,2009
X1950 GT,AMD,106,,0.25,2010
9400 GT,NVIDIA,105,,0.5,2010
9450,NVIDIA,105,,,2013
Mobility Radeon X1700,AMD,105,,0.25,2010
9500M,NVIDIA,104,,,2009
9500M GS,NVIDIA,104,,0.5,2009
M880G with Mobility Radeon HD 4250,AMD,104,,,2012
Quadro FX 3400/4400,NVIDIA,104,,,2012
FireGL V3400,Unknown,103,,0.12,2009
6800 GS/XT,NVIDIA,103,,,2009
G210,NVIDIA,103,,,2009
Quadro FX 370 Low Profile,NVIDIA,103,,,2010
HD 4350,AMD,103,,0.5,2012
8300,NVIDIA,102,,,2009
Mobility Radeon HD 2400 XT,AMD,102,,0.25,2011
Quadro FX Go1400,NVIDIA,102,,,2009
Quadro FX 4000,NVIDIA,101,,,2009
Media Accelerator HD,Intel,99,,,2011
X1600 Pro,AMD,99,,,2012
8400M GS,NVIDIA,98,,0.25,2009
9300GE,NVIDIA,98,,,2009
ION LE,Unknown,98,,,2009
Mobility Radeon HD 3430,AMD,98,,0.25,2009
Mobility Radeon HD 4250,AMD,98,,0.5,2010
3000,AMD,98,,,2012
X800 XT,AMD,98,,0.25,2012
210,NVIDIA,97,,0.5,2009
Mobility Radeon HD serie 4200,AMD,97,,,2013
Quadro NVS 130M,NVIDIA,97,,0.25,2009
6700 XL,NVIDIA,95,,,2009
MEDION RADEON X740XL,AMD,95,,,2009
Matrox G200eW3 WDDM 2.0,Unknown,94,,,2017
Mobility Radeon HD 3470 Hybrid X2,AMD,94,,,2009
HD 6250,AMD,94,,,2012
FireGL V5100,Unknown,93,,0.12,2009
M880G with Mobility Radeon HD 4200,AMD,93,,,2009
Mobility Radeon HD 3470,AMD,93,,0.25,2009
Mobility Radeon HD 4270,AMD,93,,,2010
Quadro FX 370M,NVIDIA,93,,,2009
Quadro NVS 150M,NVIDIA,93,,0.25,2009
8600 GS,NVIDIA,92,,0.25,2009
9300M GS,NVIDIA,92,,0.25,2009
G205M,NVIDIA,92,,,2010
Mobility Radeon X1600,AMD,92,,0.25,2009
nForce 780a SLI,Unknown,92,,,2009
X600XT,AMD,92,,,2009
Mobility Radeon HD 3450,AMD,91,,0.25,2009
Mobility Radeon HD 4200,AMD,91,,0.25,2011
Mobility Radeon HD 2400,AMD,90,,0.25,2010
HD 3470,AMD,90,,0.25,2011
6610 XL,NVIDIA,89,,,2009
8600M GT,NVIDIA,89,,0.25,2011
6600,NVIDIA,88,,0.25,2009
7500 LE,NVIDIA,87,,0.25,2012
Quadro FX 360M,NVIDIA,87,,0.25,2009
G33/G31 Express,Intel,86,,,2010
ION,Unknown,86,,,2009
Quadro FX 350,NVIDIA,86,,,2009
FireGL V3200,Unknown,85,,,2009
9300M G,NVIDIA,85,,0.25,2009
X1650 Pro,AMD,85,,,2010
ALL IN WONDER X800 GT,Unknown,84,,,2009
9300 GE,NVIDIA,84,,0.5,2009
999 GTX,NVIDIA,84,,,2017
Quadro FX 370,NVIDIA,84,,,2009
X1300 PRO,AMD,84,,0.25,2009
X800 GT,AMD,84,,0.25,2009
G41 Express Chipset,Intel,83,,,2009
nForce 750a SLI,Unknown,83,,,2009
7300 GS,NVIDIA,82,,,2009
9100,NVIDIA,82,,0.06,2009
9300 SE,NVIDIA,82,,,2015
MOBILITY FireGL V5000,Unknown,82,,,2009
Mobility Radeon X2500,AMD,82,,0.25,2009
nForce 980a/780a SLI,Unknown,82,,,2009
HD 3200,AMD,82,,,2012
X850 XT Platinum Edition,AMD,82,,,2011
8400,NVIDIA,81,,,2009
Mobility Radeon 4100,AMD,81,,,2010
Quadro FX 540,NVIDIA,81,,,2009
X800 XT Platinum Edition,AMD,81,,,2012
X850 XT,AMD,81,,0.25,2009
X800GT,AMD,80,,,2009
8100 / nForce 720a,NVIDIA,79,,,2009
7300 LE,NVIDIA,78,,0.25,2012
HD 2350,AMD,77,,,2009
M860G with Mobility Radeon 4100,AMD,76,,,2009
Quadro NVS 160M,NVIDIA,76,,0.25,2009
X700 PRO,AMD,76,,,2009
9400M,NVIDIA,75,,0.25,2009
G45/G43 Express Chipset,Intel,75,,,2009
Quadro NVS 295,NVIDIA,75,,0.25,2009
X1650 GTO,AMD,75,,,2009
FireMV 2450,Unknown,74,,,2011
7350 LE,NVIDIA,74,,,2009
3100,AMD,74,,,2012
8600M GS,NVIDIA,73,,0.5,2009
Mobility Radeon HD 4300 Serisi,AMD,73,,,2013
X700,AMD,73,,,2010
X800 PRO/GTO,AMD,73,,,2009
X850 PRO,AMD,73,,,2010
FireGL V7100,Unknown,72,,0.25,2009
8200M G,NVIDIA,72,,,2009
M880G with Mobility Radeon HD 4225,AMD,72,,,2010
MEDION RADEON 9800 XXL,AMD,72,,,2010
FireGL V3300,Unknown,71,,0.12,2009
X1650 SE,AMD,71,,0.5,2009
X550XTX,AMD,71,,,2009
X700 SE,AMD,71,,,2009
BASICDISPLAY,Unknown,70,,,2015
Diamond X1300 PCIE 256MB,Unknown,70,,,2013
9100M G,NVIDIA,70,,,2009
Quadro NVS 420,NVIDIA,70,,0.5,2009
FireGL V3350,Unknown,69,,0.25,2009
Go 6600,NVIDIA,69,,0.25,2009
Quadro FX 3000,NVIDIA,69,,0.25,2009
X1600 Pro / X1300XT,AMD,69,,,2010
X800 XL,AMD,69,,0.25,2011
8400 SE,NVIDIA,68,,,2009
9400M G,NVIDIA,68,,,2009
B43 Express Chipset,Intel,68,,,2009
G45/G43/G41 Express Chipset,Intel,68,,,2011
Matrox G200eR WDDM 2.0,Unknown,68,,,2017
256MB RADEON X600,AMD,67,,,2009
8300 GS,NVIDIA,67,,0.5,2009
MOBILITY RADEON X700,AMD,67,,,2010
Quadro NVS 135M,NVIDIA,67,,0.25,2010
X1550,AMD,67,,0.25,2009
128MB DDR Radeon 9800 Pro,AMD,66,,,2009
Go 7400,NVIDIA,66,,0.12,2009
Mobility Radeon HD 4225,AMD,66,,,2010
G 105M,NVIDIA,65,,0.5,2009
X800 PRO,AMD,65,,,2009
8400M GT,NVIDIA,64,,0.5,2009
M71 M,Unknown,64,,,2010
Quadro FX 550,NVIDIA,64,,,2009
Quadro NVS 450,NVIDIA,64,,0.5,2009
HD manual 15.28 1861,Intel,63,,,2015
Mobility Radeon HD 3410,AMD,63,,0.25,2010
128 DDR Radeon 9800 Pro,AMD,62,,,2010
MOBILITY FireGL V3200,Unknown,62,,,2009
G 103M,NVIDIA,61,,0.5,2012
SAPPHIRE Radeon X1550,AMD,61,,,2010
MOBILITY RADEON X700 XL,AMD,60,,,2010
2100,AMD,60,,,2009
FireGL X1,Unknown,59,,,2009
6800 XE,NVIDIA,59,,,2009
8400M G,NVIDIA,59,,0.25,2009
FX 5950 Ultra,NVIDIA,59,,0.25,2009
Matrox G200e WDDM 1.2,Unknown,59,,,2013
9800 PRO,AMD,59,,,2009
Express Chipset Q45/Q43,Intel,58,,,2011
Mobile Intel 965 Express,Intel,58,,,2010
9800,AMD,58,,,2010
X1300,AMD,58,,,2009
Express Chipset G41,Intel,57,,,2011
G41 Express Chipsatz,Intel,57,,,2012
Q45/Q43 Express Chipsatz,Intel,57,,,2010
9800 XT,AMD,57,,0.25,2009
X600 256MB HyperMemory,AMD,57,,,2009
X550XT,AMD,56,,,2009
9700 PRO,AMD,54,,,2009
FireGL V3100,Unknown,53,,0.12,2009
7100 GS,NVIDIA,52,,,2009
Go 7300,NVIDIA,52,,0.06,2012
Matrox G200eh WDDM 1.2,Unknown,52,,,2014
E2400,AMD,52,,,2011
Xpress 1300,AMD,52,,,2014
FirePro 2450,AMD,51,,,2010
6600 LE,NVIDIA,51,,0.25,2009
FX Go5700,NVIDIA,51,,,2009
Mobility Radeon HD 2300,AMD,51,,0.12,2012
X550,AMD,51,,,2009
Matrox G200eW WDDM 1.2,Unknown,50,,,2014
MOBILITY RADEON X600,AMD,50,,,2009
128MB RADEON X600 SE,AMD,49,,,2009
7300 SE/7200 GS,NVIDIA,49,,,2009
Mobility Radeon X2300 HD,AMD,49,,,2009
MOBILITY RADEON X600 SE,AMD,49,,,2009
Quadro NVS 140M,NVIDIA,49,,,2009
X1050,AMD,49,,0.12,2009
X1600,AMD,49,,0.5,2009
Mobility Radeon X2300,AMD,48,,,2012
Quadro NVS 110M,NVIDIA,48,,0.5,2009
X1550 64 bit,AMD,48,,,2009
Quadro NVS 120M,NVIDIA,47,,0.5,2009
SAPPHIRE RADEON 9600 ATLANTIS,AMD,47,,,2009
FireMV 2250,Unknown,46,,,2009
6200 TurboCache,NVIDIA,46,,0.12,2009
MOBILITY RADEON 9800,AMD,46,,,2009
Go 6600 TE/6200 TE,NVIDIA,45,,,2009
Go 7200,NVIDIA,45,,0.06,2012
Matrox G200eh WDDM 2.0,Unknown,45,,,2017
Matrox G200eR WDDM 1.2,Unknown,45,,,2014
Mobile Intel 4 Express Chipsatzfamilie,Intel,45,,,2013
Mobile Intel serie 4 Express,Intel,45,,,2013
MOBILITY FireGL V5200,Unknown,45,,,2012
Quadro FX 350M,NVIDIA,45,,0.25,2009
128 DDR Radeon 9700 TX w/TV Out,AMD,44,,,2011
Mobility Radeon X1400,AMD,43,,0.12,2009
9600 PRO,AMD,43,,0.12,2011
Xpress 1250,AMD,43,,,2012
Matrox M9138 LP PCIe x16,Unknown,42,,,2009
Mobile Intel 45 Express,Intel,42,,,2010
9500 PRO / 9700,AMD,42,,,2009
FX 5700,NVIDIA,41,,0.25,2009
FX 5900 Ultra,NVIDIA,41,,0.25,2009
Gigabyte RADEON X300,AMD,41,,,2009
Matrox G200eh,Unknown,41,,,2013
MOBILITY FIREGL T2,Unknown,41,,,2009
FX 5900XT,NVIDIA,40,,0.12,2009
Matrox G200eW,Unknown,40,,,2012
Mobility Radeon X1300,AMD,40,,0.12,2009
Mobility Radeon X1350,AMD,40,,0.12,2009
Xpress 1300M,AMD,40,,,2011
S3 Chrome 430 ULP,Unknown,40,,,2009
7050 / nForce 620i,NVIDIA,39,,,2009
7300 SE,NVIDIA,39,,,2009
GIGABYTE RADEON 9600 PRO,AMD,39,,,2009
Mobile Intel famiglia Express Chipset 45,Intel,39,,,2011
MOBILITY RADEON 9600/9700,AMD,39,,,2010
Quadro NVS 285,NVIDIA,39,,0.12,2012
256MB DDR Radeon 9800 XT,AMD,38,,,2009
6500,NVIDIA,38,,0.25,2009
7050 / nForce 630i,NVIDIA,38,,,2010
Quadro NVS 285 128MB,NVIDIA,38,,,2009
Quadro NVS 440,NVIDIA,38,,,2009
X300SE,AMD,38,,,2009
6200SE TurboCache,NVIDIA,37,,,2009
Matrox G200eR,Unknown,37,,,2013
X1250,AMD,37,,,2009
CONNECT 3D RADEON X300,AMD,36,,,2009
FireMV 2200 PCIe,Unknown,36,,,2011
MOBILITY RADEON 9600,AMD,36,,,2009
Quadro FX 1100,NVIDIA,36,,0.12,2009
9500,AMD,36,,0.12,2011
Xpress 1200,AMD,36,,,2009
6200,NVIDIA,35,,0.25,2009
7100 / nForce 630i,NVIDIA,35,,,2009
FX 5900,NVIDIA,35,,,2009
PCX 5750,NVIDIA,35,,,2010
9550,AMD,35,,0.25,2009
9600 XT,AMD,35,,,2009
7025 / nForce 630a,NVIDIA,34,,,2012
FX 5700 Ultra,NVIDIA,34,,0.25,2009
PCX 5900,NVIDIA,34,,,2009
MOBILITY FIREGL T2/T2e,Unknown,34,,,2012
MOBILITY RADEON X300,AMD,34,,,2009
Quadro FX 1000,NVIDIA,34,,0.12,2009
Quadro FX 1300,NVIDIA,34,,0.12,2009
Xpress 1100,AMD,34,,,2009
6150 LE,NVIDIA,33,,,2012
7150 / nForce 630i,NVIDIA,33,,,2012
FX 5700VE,NVIDIA,33,,,2009
FX 5900ZT,NVIDIA,33,,,2009
Media Accelerator,Intel,33,,,2015
Mobility Radeon X1450,AMD,33,,,2009
X1200,AMD,33,,,2010
S3 Chrome S27 DDR3,Unknown,33,,,2022
6200 A LE,NVIDIA,32,,,2009
Matrox M9148 LP PCIe x16,Unknown,32,,,2010
Red Hat QXL controller,Unknown,32,,,2015
FireGL T2 128,Unknown,31,,,2009
6200 LE,NVIDIA,31,,0.25,2012
7050 PV / nForce 630a,NVIDIA,31,,,2009
OpenXT Display Driver,Unknown,31,,,2016
X1270,AMD,31,,,2010
All in Wonder X1800XL,Unknown,30,,,2011
6150SE nForce 430,NVIDIA,30,,,2012
MOBILITY RADEON 9550,AMD,30,,,2012
Xpress 1150,AMD,30,,,2009
XPRESS 200,AMD,30,,,2009
Matrox M9128 LP PCIe x16,Unknown,29,,,2011
9550 / X1050,AMD,29,,,2010
6100,NVIDIA,27,,,2009
MOBILITY FireGL V5250,Unknown,27,,,2009
MOBILITY RADEON 9700,AMD,27,,,2009
MOBILITY RADEON XPRESS 200,AMD,27,,,2009
9600 PRO Family,AMD,27,,,2010
9600SE,AMD,27,,,2009
Xpress 1270,AMD,27,,,2009
7100 / nForce 620i,NVIDIA,26,,,2009
Matrox M9120 Plus LP PCIe x16,Unknown,26,,,2009
Matrox M9125 PCIe x16,Unknown,26,,,2009
PHDGD Sapphire GR for Mobile Intel 965,Intel,26,,,2017
6100 nForce 400,NVIDIA,25,,,2009
6100 nForce 405,NVIDIA,25,,,2009
6100 nForce 420,NVIDIA,25,,,2009
6150SE,NVIDIA,25,,,2009
FX 5700LE,NVIDIA,25,,,2009
G965 Express,Intel,25,,,2009
MOBILITY RADEON 9600 PRO TURBO,AMD,25,,,2009
9600 Family,AMD,25,,,2009
7050 / nForce 610i,NVIDIA,24,,,2009
Go 6400,NVIDIA,24,,0.03,2009
Mobile Intel 965 Express Chipsatzfamilie,Intel,24,,,2014
Quadro NVS 210S,NVIDIA,24,,,2009
9800 SE,AMD,24,,,2009
ALL IN WONDER 9800,Unknown,23,,,2011
6100 nForce 430,NVIDIA,23,,,2009
7200 GS,NVIDIA,23,,,2009
Matrox M9140 LP PCIe x16,Unknown,23,,,2009
A9800XT,AMD,23,,,2020
XPRESS 200M,AMD,23,,,2009
9xx Soldiers sans frontiers Sigma 2,Unknown,22,,,2014
6150,NVIDIA,22,,,2012
Quadro NVS 210S / GeForce 6150LE,NVIDIA,21,,,2009
Matrox M9120 PCIe x16,Unknown,20,,,2010
PHDGD Solo 2 x64,Unknown,20,,,2016
Go 6150,NVIDIA,19,,,2009
QXL KMDOD,Unknown,19,,,2014
7150M / nForce 630M,NVIDIA,18,,,2009
FX Go 5600,NVIDIA,18,,,2009
Go 6100,NVIDIA,18,,,2009
Mobile Intel965 Express,Intel,18,,,2018
Quadro FX 2000,NVIDIA,18,,0.12,2009
9600 TX Family,AMD,18,,,2010
XPRESS 200 CROSSFIRE,AMD,18,,,2014
S3 Chrome S25 DDR2,Unknown,18,,,2011
FX 5600 Ultra,NVIDIA,17,,0.12,2009
FX Go5650,NVIDIA,17,,,2009
Go 6200,NVIDIA,15,,0.03,2009
NV44,Unknown,15,,,2011
82945G Express,Intel,14,,,2009
Quadro FX 500/600 PCI,NVIDIA,14,,,2009
HD 2400 PCI,AMD,14,,,2009
7000M,NVIDIA,13,,,2010
7000M / nForce 610M,NVIDIA,13,,,2009
FX 5600,NVIDIA,13,,,2009
FX Go5300,NVIDIA,13,,,2009
FX 5200 Ultra,NVIDIA,12,,,2009
FX 5200SE,NVIDIA,12,,,2013
FireMV 2400 PCIe,Unknown,11,,,2011
PHDGD Solo 1.2.0 x86,Unknown,11,,,2015
RGH Drivers v3,Unknown,11,,,2016
Familia Intel Q33 Express Chipset,Intel,10,,,2019
Master X3100 Driver,Unknown,10,,,2017
MOBILITY IGP 9000/9100,Unknown,10,,,2009
ASUS A7000,Unknown,9,,,2010
GeCube RADEON 7000,AMD,9,,,2010
FX 5600XT,NVIDIA,9,,,2009
Matrox Parhelia 256MB,Unknown,9,,,2009
VIA Chrome9 HD IGP,Unknown,9,,,2010
ASUS V9520 X V62.11,Unknown,8,,,2011
FX 5100,NVIDIA,8,,,2009
FX 5200,NVIDIA,8,,0.12,2010
FX 5500,NVIDIA,8,,0.25,2009
FX Go 5200,NVIDIA,8,,,2010
82945G Express Chipsatzfamilie,Intel,8,,,2016
Q35 Embedded,Intel,8,,,2011
Mobile Intel 965 Express BR 0907 0461 v1839,Intel,8,,,2016
MOBILITY RADEON 9000 IGP,AMD,8,,,2009
Quadro FX 500/FX 600,NVIDIA,8,,,2009
Quadro NVS 280 PCI,NVIDIA,8,,,2009
Famille de jeu de puces Express Intel 946GZ,Intel,7,,,2016
FX 5200LE,NVIDIA,7,,,2009
GeForce4 MX Integrated GPU,NVIDIA,7,,,2009
GeForce4 Ti 4400,NVIDIA,7,,0.12,2009
GeForce4 Ti 4800 SE,NVIDIA,7,,0.12,2009
Media Accelerator 600,Intel,7,,,2011
US15 Embedded Media and Controller,Intel,7,,,2015
Matrox Millennium P690 Plus LP PCIe x16,Unknown,7,,,2009
Quadro4 380 XGL,NVIDIA,7,,0.12,2009
8500 Family,AMD,7,,,2009
64MB DDR GeForce3 Ti 200,NVIDIA,6,,,2009
ALL IN WONDER RADEON 8500DV,AMD,6,,,2010
PCX 5300,NVIDIA,6,,,2009
GeForce2 Ultra,NVIDIA,6,,0.06,2009
GeForce4 440 Go 64M,NVIDIA,6,,,2009
GeForce4 448 Go,NVIDIA,6,,,2009
GeForce4 Ti 4200,NVIDIA,6,,0.12,2009
GeForce4 Ti 4600,NVIDIA,6,,0.12,2009
GeForce4 Ti 4800,NVIDIA,6,,0.12,2009
82915G Express,Intel,6,,,2010
Matrox Parhelia APVe,Unknown,6,,,2009
Mobile Intel 945GM Express,Intel,6,,,2011
MOBILITY RADEON 7000 IGP,AMD,6,,,2009
MOBILITY RADEON 9000/9100 IGP,AMD,6,,,2009
Quadro 280 NVS PCIe,NVIDIA,6,,,2009
Quadro NVS 55/280 PCI,NVIDIA,6,,,2009
9100 Family,AMD,6,,,2009
IGP 350M,AMD,6,,,2009
V9560XT V62.11,Unknown,6,,,2016
VIA/S3G UniChromeII,Unknown,6,,,2009
ALL IN WONDER 9000,Unknown,5,,,2009
ASUS AGP V3800PRO v31.40H,Unknown,5,,,2013
256,NVIDIA,5,,0.03,2009
GeForce2 MX with DVI D and TV out,NVIDIA,5,,,2009
GeForce2 Ti,NVIDIA,5,,0.06,2009
GeForce3,NVIDIA,5,,,2009
GeForce4 420 Go 32M,NVIDIA,5,,,2009
GeForce4 440,NVIDIA,5,,,2015
GeForce4 MX 4000,NVIDIA,5,,,2009
GeForce4 MX 420,NVIDIA,5,,0.06,2009
GeForce4 MX 440,NVIDIA,5,,,2009
GeForce4 MX 440 with AGP8X,NVIDIA,5,,,2009
GeForce4 MX 440SE,NVIDIA,5,,,2009
82865G Controller,Intel,5,,,2009
915G/915GV/910GL Embedded Controller Functio,Intel,5,,,2016
945G Embedded Chipset Function 0,Intel,5,,,2016
Q33 Express,Intel,5,,,2009
Matrox Millennium P650 PCIe 128,Unknown,5,,,2009
Mobile Intel 945GM/GU Express,Intel,5,,,2011
MOBILITY FIREGL 7800,Unknown,5,,,2009
Quadro2 MXR/EX,NVIDIA,5,,,2010
Quadro4 900 XGL,NVIDIA,5,,0.12,2009
Quadro4 980 XGL,NVIDIA,5,,0.12,2009
7500 Family,AMD,5,,,2009
9000,AMD,5,,,2009
9100 IGP,AMD,5,,,2010
SAPPHIRE RADEON 9000 ATLANTIS PRO,AMD,5,,,2009
VIA/S3G UniChrome Pro IGP,Unknown,5,,,2009
WinFast A250 LE,Unknown,5,,,2014
Xabre,Unknown,5,,,2012
XGI Volari Family v1.13.23.D V,Unknown,5,,,2009
ABIT Siluro T400,Unknown,4,,,2015
Dell 8200,Unknown,4,,,2009
6200A,NVIDIA,4,,,2014
GeForce2 Go,NVIDIA,4,,,2009
GeForce2 GTS/GeForce2 Pro,NVIDIA,4,,,2012
GeForce2 Integrated GPU,NVIDIA,4,,,2009
GeForce2 MX/MX 400,NVIDIA,4,,,2009
GeForce3 Ti 200,NVIDIA,4,,,2009
GeForce4 4200 Go,NVIDIA,4,,,2010
GeForce4 440 Go,NVIDIA,4,,,2009
GeForce4 MX 460,NVIDIA,4,,0.12,2009
82915G/915GV/910GL,Intel,4,,,2020
865 Embedded Controller,Intel,4,,,2010
"915G,910G Express",Intel,4,,,2015
MOBILITY RADEON 7500,AMD,4,,,2009
MOBILITY/RADEON 9000,AMD,4,,,2011
7000 / RADEON VE Family,AMD,4,,,2010
9000 Family,AMD,4,,,2010
IGP 320,AMD,4,,,2013
IGP 320M,AMD,4,,,2009
RIVA TNT2 Model 64/Model 64 Pro,Unknown,4,,,2009
VIA Chrome9 HC IGP,Unknown,4,,,2009
VIA Chrome9 HC IGP Family,Unknown,4,,,2009
VIA Chrome9 HC IGP Family WDDM,Unknown,4,,,2009
VIA/S3G KM400/KN400,Unknown,4,,,2009
VIA/S3G UniChrome IGP,Unknown,4,,,2009
64MB GeForce2 MX with TV Out,NVIDIA,3,,,2009
AMIGAMERLIN 3.1 R1 For Voodoo 4 4500 PCI,Unknown,3,,,2019
GeForce2 MX,NVIDIA,3,,,2011
GeForce2 MX 100/200,NVIDIA,3,,,2009
GeForce3 Ti 500,NVIDIA,3,,,2009
GeForce4 420 Go,NVIDIA,3,,,2009
82845G/GL Controller,Intel,3,,,2009
82845G/GL/GE/PE/GV Controller,Intel,3,,,2009
82915G/GV/910GL Advanced v3.5,Intel,3,,,2010
82915G/GV/910GL Express,Intel,3,,,2010
946GZ Embedded Chipset Function 0,Intel,3,,,2017
946GZ Express,Intel,3,,,2009
GMA 3150 Express,Intel,3,,,2009
Media Accelerator 3150,Intel,3,,,2009
Media Accelerator 500,Intel,3,,,2011
Matrox Parhelia 128MB,Unknown,3,,,2009
MOBILITY RADEON 9000,AMD,3,,,2009
MOBILITY RADEON 9100 IGP,AMD,3,,,2009
MOBILITY RADEON 9200,AMD,3,,,2011
7000 / Radeon VE,AMD,3,,,2009
7200,AMD,3,,,2011
7500,AMD,3,,,2012
9200 LE Family,AMD,3,,,2010
9200 PRO Family,AMD,3,,,2011
9200 SE,AMD,3,,,2010
9250,AMD,3,,0.12,2009
IGP 340M,AMD,3,,,2009
IGP 345M,AMD,3,,,2009
Rage Fury Pro/Xpert 2000 Pro,Unknown,3,,,2009
RIVA TNT2/TNT2 Pro,Unknown,3,,,2009
S3 Inc. Savage4,Unknown,3,,,2011
Vanta/Vanta LT,Unknown,3,,,2009
VIA Chrome9 HC IGP WDDM,Unknown,3,,,2009
VIA Chrome9 HC IGP WDDM 1.1,Unknown,3,,,2009
VIA Chrome9 HC3 IGP,Unknown,3,,,2009
VIA/S3G DeltaChrome IGP,Unknown,3,,,2009
Dell 8100,Unknown,2,,,2012
82845G Controller,Intel,2,,,2009
Extreme Controller,Intel,2,,,2009
Mobile Intel 915GM/GMS/910GML Express,Intel,2,,,2012
Mobile Intel 945 Express,Intel,2,,,2011
Quadro NVS 280 SD,NVIDIA,2,,,2009
IGP 34xM,AMD,2,,,2010
S3 SuperSavage/IXC 1014,Unknown,2,,,2009
VIA Chrome9 HC IGP Prerelease WDDM 1.1,Unknown,2,,,2009
VIA Chrome9 HCM IGP,Unknown,2,,,2009
VisionTek Radeon 7000,AMD,2,,,2010
FireMV 2200 PCI,Unknown,1,,,2010
82852/82855 GM/GME Controller,Intel,1,,,2010
Quadro2 Pro,NVIDIA,1,,,2009
Rage 128 Pro,Unknown,1,,0.03,2009
RAGE 128 PRO AGP 4X TMDS,Unknown,1,,,2009
S3 ProSavageDDR,Unknown,1,,,2009
